"","x","y","class"
"1",4.15957464058498,5.87817992294927,1
"2",8.0048365695588,2.26702196742189,1
"3",7.49069890384947,0.988993827376468,1
"4",7.26734459890204,6.00017933202779,1
"5",2.53031325203052,3.73112380373485,1
"6",7.56831013405127,2.49273264573083,1
"7",6.53106906592686,6.57128898734543,1
"8",5.61447780707156,1.54375886094162,1
"9",7.45908198346143,0.495855248791823,1
"10",5.29025611833133,4.06022104202838,1
"11",8.12474502538909,-0.255015653730331,1
"12",4.99295372574204,4.78914890850343,1
"13",7.84508098128939,4.91566784085658,1
"14",5.28211471848503,5.47649002546114,1
"15",4.68507271125631,4.18305805815584,1
"16",7.03094654228649,3.97923686153823,1
"17",4.43397716862884,6.60257733458407,1
"18",3.04629129274055,2.22790286180513,1
"19",8.66046219030592,3.0854102674069,1
"20",8.6770778837649,2.90891443325407,1
"21",3.71862893586123,4.22469197649253,1
"22",7.99582419611239,6.0209998749839,1
"23",8.25979886947297,4.26138548342382,1
"24",5.13805618496139,2.40516522229487,1
"25",5.05802641119263,5.69344806728254,1
"26",9.43813353838107,2.97060692814532,1
"27",4.52699034536749,5.79834752466997,1
"28",5.63323794408758,0.508854137210247,1
"29",9.51687378879862,4.26433629009985,1
"30",7.14836371939068,3.37338449174323,1
"31",5.21588522624949,4.33777284288518,1
"32",5.26198848077428,3.75249796178758,1
"33",6.57453417727987,1.97873505943094,1
"34",7.31044849531263,0.923375714926685,1
"35",3.56477681585326,4.11976085417731,1
"36",3.27503231673611,3.55118102044347,1
"37",2.76749469754483,2.32591338049018,1
"38",3.33964110209638,3.05123075041708,1
"39",9.58240568587091,2.8614527126821,1
"40",7.06967980282195,5.5658427007142,1
"41",5.3416894917633,4.51539715108443,1
"42",3.43878778750947,5.58343739537493,1
"43",6.07872156206625,-0.960954820060771,1
"44",8.82428609060357,4.52963925428605,1
"45",7.14277425168384,5.83758609923716,1
"46",3.97831256065222,6.03917021846909,1
"47",8.23559670060426,1.98646631154435,1
"48",5.49403919951428,-0.245760360728462,1
"49",5.97555506944008,3.34739184149208,1
"50",3.50331118104118,6.10844768086611,1
"51",2.41886889057865,4.22721861052448,1
"52",4.10745190462532,4.22640805373917,1
"53",7.28963913732088,1.14783057902235,1
"54",4.04212672081406,4.25432435734651,1
"55",7.54214658796333,1.33770355281677,1
"56",3.08896889034732,3.53258206334997,1
"57",6.46725344356218,2.86817531962437,1
"58",8.47881375841885,4.18228512023399,1
"59",4.11884687546167,4.92364435214807,1
"60",8.05570742030752,5.78726687694631,1
"61",2.89382662768248,3.8288346276247,1
"62",9.26822904066909,0.863278552790259,1
"63",6.14950824257722,1.15977754234494,1
"64",6.19303158916464,4.53868481252098,1
"65",5.59418833668645,6.10224299617938,1
"66",5.91805270334349,4.63755769076044,1
"67",4.73574330409289,-0.336534653101102,1
"68",7.1849490691062,0.881266263662794,1
"69",5.97895612600889,6.67815798342868,1
"70",5.85257979155374,5.63681684470348,1
"71",5.16793959782798,1.7537897125237,1
"72",8.57323281020872,1.51751635784768,1
"73",8.27850490220779,4.16273416561093,1
"74",2.79649946592569,0.77872980175339,1
"75",8.44284505710504,1.35221179838563,1
"76",5.1447707766946,1.63563263909021,1
"77",2.80862214037233,3.27595275791601,1
"78",3.84708426178836,1.16868648645202,1
"79",7.45379583466604,-0.53969987702442,1
"80",4.2568134356947,5.70806724982752,1
"81",8.15126174537991,4.08924734526965,1
"82",5.69834055763721,4.14028155599349,1
"83",4.01639067032779,0.184542295586256,1
"84",5.08377375881397,3.55507642600208,1
"85",4.14642976766551,6.52952579040166,1
"86",6.5028743103919,3.45517694355906,1
"87",6.2065453544571,0.935129381845119,1
"88",5.98174405720931,0.261603270388822,1
"89",5.91949129179849,5.36662834313239,1
"90",3.18499361855955,2.6301271560526,1
"91",4.01131045712671,3.28741654584975,1
"92",8.59756058139187,4.41406742188408,1
"93",6.96654215734703,2.25242040256358,1
"94",5.35387835913311,4.99891492953924,1
"95",2.69213134844132,3.98924235872656,1
"96",6.80905783864716,3.35312622613425,1
"97",3.06531868207249,2.81781120701669,1
"98",3.92552187971083,4.97955820471373,1
"99",6.51252254319056,-0.0640400859937929,1
"100",2.97322401705,3.18871726039228,1
"101",7.48450412436709,2.74165856958127,1
"102",5.89020316526088,0.0929785843649062,1
"103",6.50988864837621,6.26669534364047,1
"104",6.42918828665179,1.29683862889034,1
"105",6.92654717766198,4.54435400541184,1
"106",3.71609559979998,2.67532297808237,1
"107",2.38527063689155,1.56088013325379,1
"108",6.41933674412342,1.93055737352343,1
"109",6.19744329209756,0.383525762219975,1
"110",9.86300581281028,2.0272601265163,1
"111",7.83854265748343,4.81979274946495,1
"112",2.38730863202747,3.60293152730333,1
"113",4.6728978929086,-0.603873653181024,1
"114",9.08234081773641,0.958595002555334,1
"115",5.14264146056445,5.86911185198498,1
"116",4.14401971742888,3.61586301196262,1
"117",7.04734881141512,6.5332544728096,1
"118",7.98644212624155,-0.290223249923608,1
"119",2.6844863310929,3.0290152989797,1
"120",9.40792792938749,4.474688313698,1
"121",7.14293675693829,2.53417171668831,1
"122",5.15053056615633,1.44509205875584,1
"123",8.05978222611659,-0.357535224498059,1
"124",3.52435257944677,5.22021986356151,1
"125",6.34791751292333,4.26883945695355,1
"126",3.63885339864392,2.06415519389294,1
"127",2.26183887949493,3.58665606762025,1
"128",8.92965223117425,0.756030816963971,1
"129",2.97286750220515,2.06787275050386,1
"130",3.07785605360969,4.84508287833201,1
"131",6.13905843812514,0.218948231229783,1
"132",8.35044074644523,-0.172505563867458,1
"133",6.73960967968367,1.10251041593348,1
"134",6.34367061403378,0.790347856991049,1
"135",7.87294935990917,5.24975713616362,1
"136",7.85370115685699,3.21443587312967,1
"137",8.57553235984696,1.5591964944775,1
"138",6.77194414663265,6.29125769755871,1
"139",7.35440057051724,5.27900716047152,1
"140",8.66751880991974,5.43006984075791,1
"141",8.57045625062418,2.18596731787104,1
"142",5.08128028928522,5.27160106228416,1
"143",8.28162095968803,1.45107078659339,1
"144",4.34600919145381,6.35022066357033,1
"145",7.69946684562852,4.67375305233273,1
"146",7.64860296710476,6.38660157424101,1
"147",5.20318729012906,3.45738957971215,1
"148",3.35297211518853,0.165469133459044,1
"149",3.75502551173245,3.46384368059107,1
"150",8.32631250199321,3.24034970969311,1
"151",4.9371662430051,3.83558152546338,1
"152",9.3696336000186,1.21800568196249,1
"153",9.7741327265731,4.1944869802574,1
"154",8.74890238569252,2.09347729094621,1
"155",4.67901289307985,4.15139436980794,1
"156",7.97098786415003,5.47283017937654,1
"157",8.78212597414315,2.70352364830675,1
"158",7.44452931846136,-0.663556049941632,1
"159",4.72081443484731,5.89090872807552,1
"160",3.21276362659945,4.51728249592036,1
"161",7.30404685334937,4.46068763998336,1
"162",4.68555632742745,0.120007372058966,1
"163",5.56497980705131,2.19708806532508,1
"164",4.97712807674037,6.20177197733572,1
"165",5.73699895691021,2.30489122423226,1
"166",8.07486198648235,4.87059683156912,1
"167",9.26479184188505,3.48033439891431,1
"168",6.90814362585209,2.88202595733059,1
"169",5.28341467912775,5.34452440773934,1
"170",3.37801939208575,5.57467311872252,1
"171",7.31389335809014,4.6563185659266,1
"172",9.06787113760595,0.917622694073605,1
"173",6.39887216114615,2.22191625956918,1
"174",3.76968025908075,1.01247986673052,1
"175",5.67177511027234,4.57610589324742,1
"176",4.48269494820364,4.03483258277522,1
"177",4.61594943545891,0.623867980037806,1
"178",6.41349075539206,-0.0249041604388371,1
"179",7.45679443432346,4.93256469980337,1
"180",7.23346308325127,4.04690896203379,1
"181",9.61335467127448,4.52742536043701,1
"182",5.98326995459183,1.54187800818116,1
"183",6.0317666790156,-0.528604715144953,1
"184",9.20796871126219,1.65385290778884,1
"185",5.31575991869333,1.03830580794057,1
"186",2.95007121329116,2.0752045231962,1
"187",5.47452193701953,-0.664595315193147,1
"188",6.59624402718963,6.01348635377342,1
"189",2.99170443972511,4.87127501165988,1
"190",5.69510006491049,4.65078558825588,1
"191",8.014136187331,-0.213059391609121,1
"192",5.29893984141121,4.21078545859363,1
"193",6.13515860035665,-0.580216393356675,1
"194",8.2930293137251,3.49434171521773,1
"195",6.51375920128893,2.36144536481073,1
"196",4.24042561541155,2.7057823362155,1
"197",4.55665159393425,2.68867885939621,1
"198",6.39426394391543,4.21354132349525,1
"199",6.41188539448351,5.54193718816804,1
"200",8.49775548089402,0.0174505001875946,1
"201",7.27436501084972,4.10334641104655,1
"202",3.16783629693623,2.08569638768016,1
"203",3.2878978400178,0.841566350531787,1
"204",4.22067280492853,6.04946449672227,1
"205",6.12811505176528,6.58161486979868,1
"206",8.38643443586225,0.373816148182386,1
"207",7.34719811615164,4.71833225771023,1
"208",3.34984622293328,1.52237186386854,1
"209",2.84990022794391,1.82780168095548,1
"210",4.81000729338722,-0.753630164258504,1
"211",9.48654389587093,1.94601549403538,1
"212",6.84086978779125,5.67282356969008,1
"213",3.75990860600429,5.6831658987736,1
"214",6.26370900434924,3.71435970397693,1
"215",4.38740232182518,-0.562370173933735,1
"216",4.2354941205808,3.0461266528392,1
"217",3.74848714378423,1.39011038867035,1
"218",7.31082897560197,4.83084499450575,1
"219",5.01667738748308,-0.564690222840513,1
"220",2.66095071869162,0.872340895595282,1
"221",5.10418394373697,0.946450102999607,1
"222",7.43233032126406,0.640486235228792,1
"223",5.61375972578104,6.11352668192835,1
"224",3.14673284689267,2.64347862945092,1
"225",5.47268630060105,4.22729714705559,1
"226",5.04728836417071,0.0424404505864135,1
"227",4.56865815171663,5.70289972578769,1
"228",6.89549213450654,5.64169209531251,1
"229",2.25008128933944,1.90000424852747,1
"230",2.70674446007888,3.44630544205177,1
"231",3.23058974370376,4.76965047126438,1
"232",6.23937718924983,-0.810897127492896,1
"233",8.74324888666309,0.945394573743334,1
"234",7.74923290084386,-0.0025106293636088,1
"235",7.45259397742219,-0.72036743923555,1
"236",7.48656823408769,5.5354637093786,1
"237",5.73776109075957,0.259151223129558,1
"238",2.41949817707058,2.79889816979409,1
"239",2.72853973302805,1.43044614927792,1
"240",3.69617115258207,4.77333019023395,1
"241",7.88603584998571,6.32459988973961,1
"242",4.93951461212119,4.65367983175399,1
"243",8.16743020383248,-0.227204359829926,1
"244",6.8769708043949,-0.623072736448832,1
"245",4.07412397594445,4.57728354371365,1
"246",9.84818329336578,2.66538602244565,1
"247",4.11282166191222,0.155770272795066,1
"248",7.79098173079558,0.611006229795327,1
"249",6.09867879544101,3.36429549624479,1
"250",2.96341525192164,3.43994916833848,1
"251",3.17977375707049,0.890133051010999,1
"252",4.38473381053021,-0.312891445001107,1
"253",5.12770308331715,2.36972544375125,1
"254",4.14460948294765,2.49923509040443,1
"255",3.97407618408177,5.11388798379025,1
"256",2.37930364133028,3.99461282016346,1
"257",5.10666006067483,5.92084886800273,1
"258",8.45007562037045,3.28254003709094,1
"259",8.51786316742673,3.89555752314607,1
"260",5.43209974128924,3.05132044368548,1
"261",9.02744483727239,3.83177887096618,1
"262",6.47543944901074,0.976984749087372,1
"263",8.1874174571738,3.6836740482017,1
"264",3.70968232664173,3.16308621508556,1
"265",2.56128632529644,2.14013984434253,1
"266",6.13024006296689,3.61411112177326,1
"267",5.75611634339753,4.42406571157719,1
"268",8.38623479115032,3.24351345736476,1
"269",4.49427277787818,5.99175003930154,1
"270",4.78990617371127,4.45577383238332,1
"271",6.34288820473146,1.56104340799641,1
"272",9.63921061345619,3.94655039819781,1
"273",6.48994760289866,4.77277242481917,1
"274",3.8319258075922,3.72403689287728,1
"275",5.2729728245022,4.73155368798074,1
"276",3.14359199025236,2.40822750700694,1
"277",6.20042711420389,5.73886611476781,1
"278",5.83328078084235,5.82271907459594,1
"279",4.08502382463234,0.0650482092796252,1
"280",7.53854333557642,3.55760292929684,1
"281",8.22134495050334,6.26471793026764,1
"282",4.9300480495312,6.72750254265784,1
"283",7.08407772151844,4.55708384418389,1
"284",7.80489170438416,3.58177726019689,1
"285",5.01139558705346,4.35105552820576,1
"286",5.81109863842712,2.13176194757702,1
"287",5.74353564625638,5.77942694905432,1
"288",9.00121527548497,1.10327406063374,1
"289",5.71568414174384,-0.168367532160141,1
"290",7.41807597417258,3.39557998628232,1
"291",6.21318198040906,0.0321755540500628,1
"292",6.42234009373765,4.80587208351873,1
"293",6.42222573411637,0.44020475351347,1
"294",2.8777246539888,1.19055734849589,1
"295",4.41540901910812,5.84698441181651,1
"296",7.11193126151143,1.71757278703173,1
"297",8.46874089562251,5.83092997632592,1
"298",8.1657403874121,2.86537994960592,1
"299",9.79178240596195,2.07825899941282,1
"300",7.35540221465354,3.48330426107449,1
"301",6.04936117946281,3.82831653246221,1
"302",4.94739882514509,2.18275415263569,1
"303",9.54862284214477,4.5201301951838,1
"304",7.44776115270103,0.923904094899767,1
"305",7.42425523518739,2.86088729321984,1
"306",4.14666066430821,2.15054154046151,1
"307",6.89988856834665,1.77321157751937,1
"308",9.00504758899444,3.39788146156149,1
"309",6.02056024306197,5.51301970857064,1
"310",8.45038844246539,4.44101540960131,1
"311",5.21948136690943,1.59563168899062,1
"312",3.6043952800729,3.60750151799461,1
"313",9.56500554024665,4.66610517983715,1
"314",8.89130203998509,4.35237207468373,1
"315",7.99278829753446,4.7897536269279,1
"316",3.19839611368993,5.8404354936471,1
"317",2.74130197244459,3.32243779102242,1
"318",8.14019643794447,4.45846046821918,1
"319",3.00056155421017,4.24956197993982,1
"320",2.84555405850313,4.32396552229707,1
"321",4.59923598280488,2.81189534310531,1
"322",6.04991943858387,1.34059797809143,1
"323",5.89935452885328,2.75663737347865,1
"324",7.97415580252075,1.92956044947297,1
"325",6.41691285444176,2.07649430997386,1
"326",4.02465381497427,0.577030485561562,1
"327",4.5513591756586,6.27858645456819,1
"328",6.70008588617051,4.01586902093864,1
"329",6.03910750255473,5.28994541392286,1
"330",9.32270076502846,2.60226530242108,1
"331",3.67777007207322,4.28336082224945,1
"332",4.80312187749635,1.14453102492618,1
"333",3.98058008569826,1.0436225138996,1
"334",6.10788630325548,6.06369920496185,1
"335",7.05241496079925,4.18771485968485,1
"336",8.47851934377198,5.72356714402959,1
"337",3.46886933005632,0.999221508878663,1
"338",7.59631709217047,-0.565155009823622,1
"339",7.91982847515236,3.27201776691596,1
"340",7.02855035330441,3.97504838250052,1
"341",6.89581023875923,-0.578885673028243,1
"342",2.49402931870328,1.8945305913372,1
"343",5.86318857841701,6.05983738390186,1
"344",9.25612403514901,3.39033321395161,1
"345",3.59610720290751,-0.0856744208197497,1
"346",7.54682651871296,1.910506803677,1
"347",7.87500430529201,3.33827197728257,1
"348",5.57458306871806,0.307762561865563,1
"349",6.61597187365668,1.91130755789176,1
"350",6.19130973618051,6.37380057631645,1
"351",6.14313895544909,1.36276681278754,1
"352",9.27967071466735,3.12194885363434,1
"353",7.27629908639823,1.86497963377382,1
"354",4.18282858759554,0.924781567970859,1
"355",8.17226725669203,1.05449590102957,1
"356",9.31368790589293,3.17880719328854,1
"357",6.69445375761099,6.29186204687607,1
"358",7.83656329427093,4.82183022900365,1
"359",4.65660721554103,5.00970821213089,1
"360",7.19582155763136,3.59500361622644,1
"361",4.18439615593357,0.806293793708794,1
"362",7.17137637415953,-0.685480187010629,1
"363",2.3971989882278,4.23764892254625,1
"364",8.3694587048979,4.98993403181089,1
"365",7.06778290497014,0.684022577825656,1
"366",4.84952136953731,4.66996654310899,1
"367",7.52473866170141,3.79693210092669,1
"368",9.28171701852632,5.01450316606153,1
"369",9.0825610268214,0.985769931112016,1
"370",3.78828530153377,2.21176800493871,1
"371",7.31198962013817,0.147838140285388,1
"372",6.90527174237077,0.234983158114585,1
"373",9.16740637113784,1.17836676114878,1
"374",3.83161376883405,5.18386986171434,1
"375",6.30851112052188,5.99811373355407,1
"376",8.54032274063458,1.70159977028397,1
"377",3.98730448633445,1.88457564729723,1
"378",2.74686372330831,4.77329989270621,1
"379",8.13824481014471,-0.134767520026071,1
"380",9.38724251563728,5.06968110089487,1
"381",3.82582331397309,1.33756812974356,1
"382",5.61471410866844,4.35640989136241,1
"383",4.48450293319207,-0.568052428261353,1
"384",7.11250813333193,4.87766519659739,1
"385",7.9850345646274,6.2288509534756,1
"386",8.45771821283131,3.58812477953762,1
"387",4.87708408484778,0.173876296387133,1
"388",7.8980257572616,5.06098069011628,1
"389",5.39523227980947,2.17833050656195,1
"390",4.79614151114985,3.33632203587012,1
"391",6.29968899687221,5.43055067098347,1
"392",4.82673684985399,1.8773253948704,1
"393",5.44540702300984,0.0611411886966358,1
"394",5.4080739013143,5.21498385917388,1
"395",5.43092048629317,1.68048438526168,1
"396",7.89222192638403,1.27451311222615,1
"397",6.92262013933272,3.97182679482172,1
"398",3.18355009978944,1.86157463157301,1
"399",6.85175480646806,4.51241085482011,1
"400",5.29579747669777,4.0640341216299,1
"401",5.17758014606259,1.92550450703265,1
"402",5.88797349211414,0.687412492180878,1
"403",6.66596503278033,4.33709220380828,1
"404",6.87797319490326,1.45223796006866,1
"405",8.37845822924553,3.53677108621064,1
"406",8.20690960611778,3.76133592778237,1
"407",4.37453200300244,3.20015684061262,1
"408",4.31264740895849,5.44496664824217,1
"409",7.4501261456627,2.29627291950257,1
"410",5.70261144605178,5.99795641290085,1
"411",8.00665709923196,4.0906761898843,1
"412",7.36015430428309,6.73495426084262,1
"413",7.90517802270088,0.946775700324529,1
"414",8.66453863846584,2.28711285132143,1
"415",3.82758184399208,6.27818008103379,1
"416",4.07625514092133,5.78214420417705,1
"417",5.13043465698661,5.14735891472651,1
"418",3.81519945087671,2.68169805443236,1
"419",8.42295413456853,4.0406770813827,1
"420",8.22486387797993,5.59682268659812,1
"421",7.30849230010655,4.53374053093827,1
"422",6.82984894824449,-0.495693029689962,1
"423",4.32254906887528,6.58978672703031,1
"424",6.48983283929194,5.59988861455444,1
"425",8.63770437844253,0.803401228017223,1
"426",8.92982606340293,1.00218071904319,1
"427",5.88066833635423,4.52353549880801,1
"428",6.27611237108646,3.0422056383344,1
"429",2.82384782304331,4.95948491511383,1
"430",9.0193009313635,0.75428690565154,1
"431",7.59067988445513,5.07812705080529,1
"432",9.41367128823044,2.30489033879773,1
"433",2.57204121342823,3.27200090515947,1
"434",7.98538885465833,2.4421409837131,1
"435",7.81369184393124,0.220411301355317,1
"436",8.78376607784081,4.76463126171256,1
"437",4.79741374750988,2.16268650647811,1
"438",7.41479970268965,4.23094234950964,1
"439",9.54343238952719,2.78468785004487,1
"440",4.0450174831896,0.514867345309121,1
"441",7.5265701723633,2.19588991052172,1
"442",8.36527581573718,2.64597359921259,1
"443",4.77795896215538,5.81367888153735,1
"444",6.97739192176495,4.44274058134521,1
"445",2.8520816252268,1.96240728375652,1
"446",2.68149411792628,1.16197134107303,1
"447",7.6177096398001,3.32905757728652,1
"448",5.26117949893265,4.51586868372405,1
"449",3.4971402079742,1.47947657811797,1
"450",5.90762230189121,3.29918307284952,1
"451",3.47702915242242,5.64762110609476,1
"452",3.12499417199933,5.01110048963225,1
"453",6.00179123531283,3.94080067430363,1
"454",5.77153956405904,3.98292779546781,1
"455",8.97693713542962,4.45548693013499,1
"456",5.29261757352317,0.240468176320154,1
"457",5.29348989239518,-0.76170033110836,1
"458",5.82008804016675,0.519115585767294,1
"459",7.93051808566576,0.897953122745489,1
"460",2.31742128440955,3.11438564019169,1
"461",9.47143529509952,3.45634043247876,1
"462",8.97103726445933,2.33381253734911,1
"463",2.74911239221323,1.18552750013447,1
"464",6.31040627628446,1.08574946696455,1
"465",2.49676092022667,2.15815655177964,1
"466",3.72078052497417,1.74038969956278,1
"467",2.38076922836525,4.32021702502435,1
"468",5.94363037881658,4.51522478812839,1
"469",4.35163584687656,6.08051730254916,1
"470",3.09954625743595,2.78198294727559,1
"471",6.09616899441368,1.90561998086937,1
"472",7.42916551427402,5.08394852358571,1
"473",5.20503193999274,6.47169489033353,1
"474",9.04331075144012,1.9345833281253,1
"475",5.20838053161382,-0.117512217623132,1
"476",5.02115610169454,4.46812565691188,1
"477",8.56497864611456,0.312538066606496,1
"478",7.75715553913454,1.0999795980045,1
"479",5.67525939019377,5.00235494642679,1
"480",9.4552935036306,3.04001561458956,1
"481",2.23448488543838,2.95809572862178,1
"482",3.54784559012731,0.0976598921959138,1
"483",2.82643901264034,3.37127860361444,1
"484",3.28249961648247,0.151778075025397,1
"485",8.78661006425694,3.28319830988476,1
"486",2.28179983271684,3.41275042228464,1
"487",5.4448725730479,3.30696769169556,1
"488",5.59687527072723,1.15901494003167,1
"489",6.13576248093897,6.74856614450102,1
"490",7.96606431512754,1.40950202009011,1
"491",2.88029999589392,4.77017124983453,1
"492",4.14734974959681,4.60015937701028,1
"493",3.24553477019894,5.84886246436688,1
"494",6.86217565050686,1.88102767552705,1
"495",7.8162804450096,2.56512356806091,1
"496",8.26545827513722,0.14605606557465,1
"497",5.69900771725262,6.21528834398913,1
"498",6.23703398170014,1.48666181632573,1
"499",3.21173661220029,1.4142043562732,1
"500",8.81735728972774,1.19118585601505,1
"501",-8.36617476448959,3.58291122268723,2
"502",-6.93920586555898,5.09667998856966,2
"503",-7.67989560770114,1.5049752057755,2
"504",-8.28336556987679,7.33679541538028,2
"505",-7.23990184236594,3.30262454077167,2
"506",-4.83564567797947,7.99340504714207,2
"507",-6.56652501285073,8.07056857248988,2
"508",-3.04601773737423,4.19393254475339,2
"509",-3.70071904655037,3.73307637099866,2
"510",-4.78167838433565,6.74514591983991,2
"511",-2.68400296472083,4.88385567707547,2
"512",-6.62319843763582,2.86427860477855,2
"513",-3.96693232966635,6.48968783694027,2
"514",-4.75448992194329,5.94463091461867,2
"515",-3.64178156645984,5.90016400952898,2
"516",-7.04575420222763,6.47917785019349,2
"517",-5.7363788473815,4.07010092630274,2
"518",-4.68138724538052,7.9455656708517,2
"519",-6.03763139374297,4.22084660804326,2
"520",-3.09100598929137,5.44663333830726,2
"521",-5.81931272427059,6.61492918735316,2
"522",-6.96114275128038,6.83332740116337,2
"523",-7.8391829525532,5.03612841515611,2
"524",-4.35474277156301,1.366369365757,2
"525",-5.48859436619692,1.98473675191066,2
"526",-3.44464639803666,4.06398072840797,2
"527",-3.87380359131983,1.88959526122291,2
"528",-4.92835150425006,6.11288922396782,2
"529",-5.60430568178084,8.82288563239908,2
"530",-3.66062510018421,4.47422220528433,2
"531",-8.94739766976279,7.67989719113749,2
"532",-5.5358879997423,3.94308850752711,2
"533",-8.1140168220172,2.71453690413569,2
"534",-6.4819570233794,6.0307446159641,2
"535",-3.47073815001326,6.84867501525911,2
"536",-4.65342424409844,6.83299123056462,2
"537",-5.60773931152815,5.68289729561982,2
"538",-9.17137129263968,4.70294566476498,2
"539",-6.75478038479025,2.36251872514052,2
"540",-4.03873185721423,4.5312469202374,2
"541",-3.06192702113229,5.47862079567663,2
"542",-3.31728609840069,3.37840503998359,2
"543",-5.04604458397388,4.85590270669042,2
"544",-7.52760733880291,8.46631942213704,2
"545",-5.62285210282055,3.49950012255407,2
"546",-4.24007440963943,1.84375866000191,2
"547",-7.26254904820876,8.66684052151932,2
"548",-5.90971555033386,8.91942152408505,2
"549",-6.15090567524635,5.01526172812749,2
"550",-2.91808591833447,7.32001624359433,2
"551",-9.10644120847102,3.18596973699697,2
"552",-5.26456995071478,6.15061407944676,2
"553",-9.88428146818837,4.67673999138828,2
"554",-2.72084823120421,6.14036743879032,2
"555",-3.28838949406432,2.21297373090896,2
"556",-9.59867855226494,3.52693837351305,2
"557",-6.26927122315074,1.7443520778198,2
"558",-9.8563392875661,4.30701943134497,2
"559",-3.45819470634741,7.10683056696267,2
"560",-7.01083913141357,7.08732955302599,2
"561",-6.23130123717316,5.20748639779052,2
"562",-5.82674364673821,7.4468854934141,2
"563",-7.53758070854861,6.7205428365241,2
"564",-7.83713840980467,7.39450088296953,2
"565",-6.02226366378349,1.35314162010624,2
"566",-6.6278601554189,3.24090166454094,2
"567",-6.61570793788101,7.05097116073897,2
"568",-7.09186723124982,4.06177387220789,2
"569",-4.74066130864964,4.84317351829193,2
"570",-5.43497258111829,5.89641707701789,2
"571",-6.70607532892128,4.88565276357001,2
"572",-5.04889456972795,8.09434975731912,2
"573",-7.83154887640827,3.09405697316866,2
"574",-4.70259035514395,8.21538222894681,2
"575",-6.06875681901273,3.251250360141,2
"576",-8.13489842366181,1.90771551503516,2
"577",-2.22294076839496,6.24456473242652,2
"578",-9.24421249235088,5.22242652527912,2
"579",-8.32673977132927,3.46006974408463,2
"580",-6.51231133772437,6.26681946223569,2
"581",-7.36390273418571,1.84203908051682,2
"582",-2.35611784900106,4.89816885952161,2
"583",-5.80919227827541,2.57785770926086,2
"584",-3.82052713271593,4.86707864773179,2
"585",-2.86574387897636,3.05347439863818,2
"586",-8.93299274850036,5.0911500307256,2
"587",-6.49822229408545,1.84922162471923,2
"588",-4.31821112717554,1.376326231035,2
"589",-7.82182737547033,6.64767375144457,2
"590",-4.69865424849586,4.01937532624517,2
"591",-5.74260936306314,6.82715994619847,2
"592",-7.60234790225287,5.92497418728095,2
"593",-4.64348360423498,8.47048293117558,2
"594",-5.10712885328518,3.87671547991618,2
"595",-6.00914926252278,4.66230866820604,2
"596",-4.61459118159027,4.68771145740449,2
"597",-4.72827777923053,7.10747544376372,2
"598",-8.06487073735117,7.95033498486128,2
"599",-5.0835634196597,1.19124161957068,2
"600",-5.60614742670255,1.37621605780934,2
"601",-6.14152307379236,7.18013106252655,2
"602",-8.3019557757421,4.04610481344845,2
"603",-4.13792248522898,7.77697246996379,2
"604",-5.69454415644496,6.65895229958733,2
"605",-4.7531983298179,7.89231668877044,2
"606",-6.81311919797246,3.61191985141941,2
"607",-7.00343575170576,6.51908686681457,2
"608",-4.78009717951077,8.63500929417752,2
"609",-3.04401243354373,5.30953933664741,2
"610",-7.83322639346114,4.81238549223673,2
"611",-7.60292356516825,2.72893621757671,2
"612",-6.19555706109597,3.16163647294668,2
"613",-4.38972541659119,4.9175536874651,2
"614",-5.1146952102647,3.57183363737524,2
"615",-5.1969440286813,3.21506011253065,2
"616",-4.17282228506448,6.89378636035062,2
"617",-3.88766501499116,7.41520936319466,2
"618",-9.21613443054522,6.19001234152878,2
"619",-6.78068549259988,5.94757760490601,2
"620",-5.98080022948208,6.70126597698606,2
"621",-6.8180982476089,8.22140520716981,2
"622",-4.580824917779,5.14744100444266,2
"623",-4.84158252971105,6.12269354110653,2
"624",-4.60680765267979,6.0262453794975,2
"625",-5.48818973188794,5.29809103121279,2
"626",-3.90626812075091,3.79372728447574,2
"627",-6.39399191099879,4.4946070028074,2
"628",-4.61405989893101,3.51229009987834,2
"629",-3.83464546490511,3.72434901275678,2
"630",-4.0812309379475,7.8245885262101,2
"631",-2.96006747586181,5.70805598648397,2
"632",-9.57687285685563,5.65078177466047,2
"633",-2.98978479387759,2.4316626210199,2
"634",-7.08157552956009,8.72998974643658,2
"635",-6.57939861956248,8.47578512619375,2
"636",-3.09929550466871,6.69002837820741,2
"637",-7.91171272698514,4.6007911798718,2
"638",-4.37179362240186,7.3910795834846,2
"639",-9.64604090204873,3.56864471327925,2
"640",-7.52722873959396,6.06072737022026,2
"641",-4.50149988563339,2.04650630870058,2
"642",-3.3951874253114,7.39684258264321,2
"643",-7.46836259995045,5.08765118312912,2
"644",-8.03905823540595,5.89361253083533,2
"645",-3.30180569358937,7.66435263125731,2
"646",-3.32727105617034,3.47294918792615,2
"647",-5.83652696564236,5.75681882834159,2
"648",-6.68652315442132,5.38003411924865,2
"649",-6.57712756057095,4.01372627042121,2
"650",-7.09444717045148,4.81433784159884,2
"651",-9.66383828086468,3.77608870758197,2
"652",-5.68850555162107,4.89346536292022,2
"653",-9.67446591495926,4.95702103485518,2
"654",-7.14040300532092,6.88883488628431,2
"655",-4.93415179769287,3.64481575071311,2
"656",-9.09661200876372,4.18097824042114,2
"657",-6.57912472440279,1.39812336124842,2
"658",-5.03375109268745,3.04422339253177,2
"659",-7.07129901372982,4.17024445168896,2
"660",-3.6550359669299,3.69462917387842,2
"661",-6.47090482934416,6.20609235846294,2
"662",-6.30809560800162,7.26485482175166,2
"663",-7.38576843783234,3.85861765114724,2
"664",-8.39447521215269,2.14258601657236,2
"665",-6.80432990328976,8.34328210282729,2
"666",-4.76826491784687,1.75228524142318,2
"667",-9.1712753061723,3.22078492985982,2
"668",-2.86610786838377,3.99908043450281,2
"669",-2.07045045152298,5.53380541137169,2
"670",-5.85475664722293,1.09229534018861,2
"671",-4.82298412699043,4.08535599592979,2
"672",-3.94299757022703,5.80808408187319,2
"673",-8.5299193133257,4.01486240200812,2
"674",-4.46861517608331,3.73527031960234,2
"675",-4.61001159891443,3.38471399961892,2
"676",-9.13806899878047,5.12161905292039,2
"677",-4.38909003615903,1.76766096867519,2
"678",-7.09978805601305,4.41707034554759,2
"679",-4.130312101072,6.93505432890739,2
"680",-3.69738441297998,7.20779271259651,2
"681",-5.72308720740703,1.81839660542309,2
"682",-3.59099108605094,5.36468179890519,2
"683",-7.93809057269733,3.08458329549502,2
"684",-5.17913615576686,7.88148753229235,2
"685",-6.00113177317021,3.98720094188387,2
"686",-2.84475734999103,6.87145107098875,2
"687",-7.35287989040326,6.65972388548988,2
"688",-5.79975937095817,3.31140573625921,2
"689",-8.74736968987737,4.99737161644963,2
"690",-6.3318583339127,4.54346523231002,2
"691",-8.95028072693324,2.30526911522588,2
"692",-6.78741107972816,1.69090979530787,2
"693",-8.8760814439564,7.02462622595282,2
"694",-4.39583242439503,5.30476948867805,2
"695",-3.32197852386069,4.64639512123903,2
"696",-3.61882095591167,4.10297413688274,2
"697",-4.02845081636068,5.48771481383648,2
"698",-4.49978384640674,3.41692721881013,2
"699",-7.44930837972734,5.2507133263839,2
"700",-5.98768202252315,2.6117343507174,2
"701",-2.09332539477863,5.70461950425049,2
"702",-7.23863054640399,1.47024517590129,2
"703",-4.22977344765566,6.46410049410776,2
"704",-9.86971109122134,4.2171392818245,2
"705",-4.62048278212728,7.45092273384214,2
"706",-3.22456116816203,4.95819179770447,2
"707",-6.93572390609276,6.87598867229672,2
"708",-4.49696107414543,7.83481080680116,2
"709",-8.85625561429026,6.54818749672241,2
"710",-9.00916245347692,7.42960644561241,2
"711",-8.64750826394822,4.83297342045761,2
"712",-5.09733079214973,8.6782397245129,2
"713",-3.12163134903887,3.4362731499378,2
"714",-4.74868343694008,3.75831972494828,2
"715",-8.34007192098963,5.90646675066017,2
"716",-5.07717039918684,2.02872331059484,2
"717",-3.79395647816265,3.24721752823782,2
"718",-8.36124930211738,6.91166168989851,2
"719",-6.1537689456193,2.87092772129743,2
"720",-6.5052190326508,4.90893057180857,2
"721",-5.61650534724205,8.83390429082966,2
"722",-5.42760545518063,1.92024814728288,2
"723",-3.17559405866313,4.13188689158025,2
"724",-8.57587319127367,7.00858837671097,2
"725",-5.83675111874847,1.68539960479742,2
"726",-7.73723001571484,6.72552920030967,2
"727",-6.11825779613545,8.01556975092188,2
"728",-6.09897627373102,4.62831901268065,2
"729",-5.34972710071828,5.70555563400583,2
"730",-4.28105876110055,3.49935502245864,2
"731",-8.87663955747659,3.47410853448345,2
"732",-4.79445787676147,7.81240092910959,2
"733",-4.3025559066787,1.95924629850058,2
"734",-7.54607168885542,6.33816110042237,2
"735",-7.45378248613255,2.06032617245536,2
"736",-2.20421545943333,6.17088433031132,2
"737",-3.40875394396524,4.26863650866622,2
"738",-2.82644896138171,6.591165968382,2
"739",-3.60953158797592,7.67331686665324,2
"740",-4.7794455899717,8.23502177249939,2
"741",-7.0093965506262,7.40694916784717,2
"742",-4.1206896728065,2.52047685880261,2
"743",-2.16600951652208,4.41644475559434,2
"744",-4.72447785980002,6.03698183739493,2
"745",-3.20920797032093,5.32176067094239,2
"746",-6.4297525962855,5.62034147531699,2
"747",-4.4772814136739,3.92644640654329,2
"748",-7.07250122055599,1.94582431888579,2
"749",-5.38235577480024,3.57120861704311,2
"750",-6.44607623060379,7.35151449701741,2
"751",-7.68013836070561,4.46071140365059,2
"752",-6.39442529395021,6.96279349250528,2
"753",-7.24325406688003,4.00129956795937,2
"754",-9.62710834855764,4.92909635181125,2
"755",-2.50526956076202,4.63721498633718,2
"756",-6.84421866804608,4.93358319197989,2
"757",-3.66320010043397,5.34667778895688,2
"758",-2.73325732890663,5.84131487103722,2
"759",-2.91342618458464,2.88136415622213,2
"760",-7.68292706521744,2.59996623072629,2
"761",-4.15861017914748,4.87212331525949,2
"762",-3.02196598001851,6.72141021795546,2
"763",-5.65817342211341,5.5712542036095,2
"764",-7.5800605235478,3.73709474985226,2
"765",-3.99972368986395,1.57922288425897,2
"766",-3.0540480239764,2.31148958476545,2
"767",-5.56435709473446,2.96191154039124,2
"768",-9.37696694981706,6.13730587646846,2
"769",-5.90794378860076,8.60732971883247,2
"770",-8.75983669371469,5.88190045256741,2
"771",-7.19951969968381,6.02733965369611,2
"772",-5.95340232266487,2.15690352967504,2
"773",-5.62440647504563,8.69114017910108,2
"774",-2.71983737891659,6.62678228150517,2
"775",-4.24175862346676,2.25009395668896,2
"776",-7.34111209064018,7.76718632911725,2
"777",-9.26375566457686,3.17308575428134,2
"778",-4.73605936402426,6.83948789205141,2
"779",-4.24048521763197,7.67621260045074,2
"780",-7.30039530371651,6.44784642029401,2
"781",-6.89957077889418,4.50005343728071,2
"782",-7.7084495276969,2.60553128119148,2
"783",-7.36952422699291,8.4188343555921,2
"784",-6.58258869595326,7.34931196029572,2
"785",-9.78856263643812,4.18514294862005,2
"786",-3.41846911998771,7.40935171786501,2
"787",-4.27025685448687,5.32841862300585,2
"788",-6.34964791737902,6.11733854224588,2
"789",-8.81848460919257,2.86361790062203,2
"790",-4.83094243682092,3.35503203437984,2
"791",-7.46944263346872,2.02969765169881,2
"792",-7.76702326176525,5.47898677696253,2
"793",-3.54122162336041,6.0457258199952,2
"794",-7.28487842908257,3.15375830849237,2
"795",-8.31941599905484,4.24157476425583,2
"796",-4.46525877414951,5.61691710118533,2
"797",-3.05479349280739,5.32178256946015,2
"798",-6.145961032892,7.94400288637075,2
"799",-9.76099438959093,5.05703283858568,2
"800",-7.01047760485783,8.86522650452537,2
"801",-4.87153992351903,8.45104622947433,2
"802",-9.40286683506278,6.79636371314363,2
"803",-7.15406925691501,4.85118590435063,2
"804",-7.58788653462082,3.97337982411462,2
"805",-6.65243139194581,8.05685912382669,2
"806",-4.18133936374046,1.54370892096682,2
"807",-7.20994254072878,5.94461250730618,2
"808",-2.36214320109822,3.51780816883067,2
"809",-7.49357573861559,5.90601516030297,2
"810",-4.15219659189801,3.30924918978396,2
"811",-4.82388393745538,7.449004140414,2
"812",-7.54832574938688,6.56595596823312,2
"813",-4.78850873599527,5.6248253672706,2
"814",-6.03365366513008,8.57828470114805,2
"815",-2.0973634901615,4.82916807643166,2
"816",-6.92303650848155,4.12943098148654,2
"817",-2.73445705875928,6.52845300021644,2
"818",-4.87473430872533,4.23358641147717,2
"819",-5.90242842318287,2.06839771882308,2
"820",-5.39810437810425,5.84664118430888,2
"821",-5.32145787609337,8.32547263678621,2
"822",-2.54465930621492,3.33718284557513,2
"823",-4.5073480882563,2.39335723242799,2
"824",-9.51244685431957,6.56177355675096,2
"825",-5.42866533119073,6.26529474826594,2
"826",-6.62425908160447,8.14639916173591,2
"827",-5.02660044177695,1.25525687546347,2
"828",-6.44890230116025,6.90917562427919,2
"829",-7.04195385988091,7.22757518657498,2
"830",-4.4218151393688,3.28135262378196,2
"831",-4.85455625124755,5.15291814539301,2
"832",-3.45878465817529,1.93305329438278,2
"833",-8.64331508279641,2.9141855240521,2
"834",-6.73450546456649,3.55105557129511,2
"835",-5.91947218277945,4.2768553977141,2
"836",-8.99487489980342,3.15735255264187,2
"837",-5.21674054625062,6.63304567005956,2
"838",-8.90717506259649,6.14539489595954,2
"839",-3.76089736753545,8.22408384668554,2
"840",-3.07141589908268,6.29613210374055,2
"841",-7.23053570284586,2.21506700623948,2
"842",-5.36120476784762,4.55157673603212,2
"843",-3.21952063314147,7.30120776843161,2
"844",-3.2471022538247,2.59178199621268,2
"845",-5.67209229720989,1.3801438032401,2
"846",-7.30388679337789,2.21898844029492,2
"847",-7.39710148553812,5.55530555303309,2
"848",-4.52338620593925,7.18489812292614,2
"849",-7.15786831633684,6.20560917757677,2
"850",-5.38353832994021,2.49154764742381,2
"851",-9.98090059240278,5.18656248639501,2
"852",-2.6019208334949,3.00271686319387,2
"853",-9.49810895299594,4.4253520471299,2
"854",-7.60743462537369,3.32762171961416,2
"855",-3.84660224251979,7.32903192322061,2
"856",-8.1440064744181,7.1195468539069,2
"857",-3.91210720393016,6.70353069455553,2
"858",-6.2446106391295,8.00743692381283,2
"859",-5.69131062749939,6.8691513606104,2
"860",-2.63231463948012,6.40263932040099,2
"861",-5.90569314022963,6.93824798639206,2
"862",-8.68747786865734,4.07438791776788,2
"863",-9.43505793599403,3.26163261554795,2
"864",-8.30202090091432,5.99073324033975,2
"865",-2.04190129226681,4.86482033629664,2
"866",-6.66216601282052,5.57184185076484,2
"867",-7.88611675916823,5.90345365104467,2
"868",-5.17939937282907,3.37053985170654,2
"869",-4.57599345145704,7.96200926048087,2
"870",-6.4868792633514,5.15024866441874,2
"871",-4.59713071417711,8.53197470389314,2
"872",-7.24558065864454,3.91211846214017,2
"873",-6.48067994608226,6.56072258753966,2
"874",-4.14338939362412,2.65459730339074,2
"875",-4.33266543797878,8.18081144883482,2
"876",-4.00226401298346,1.67983611247281,2
"877",-5.35143212327569,7.43288638670462,2
"878",-8.08341933510541,3.84062082069294,2
"879",-6.77535844677497,7.32226680699467,2
"880",-6.10359629137271,3.76015192319616,2
"881",-2.16931540283217,5.52894374137855,2
"882",-2.28484679322727,5.99172626543831,2
"883",-7.03164220573675,4.21519179877687,2
"884",-6.45530673351236,7.69480693501887,2
"885",-6.02699127920636,4.9722380082815,2
"886",-4.30541078024584,8.22882878719397,2
"887",-9.5353821108229,3.24335087992701,2
"888",-4.37228639871726,2.38895563309324,2
"889",-9.39898296152223,5.57525731931058,2
"890",-3.42307323970196,5.31846525652869,2
"891",-4.3260849033507,6.8536148677931,2
"892",-6.37908481573442,6.29591212328668,2
"893",-5.97927335280385,2.31491822864075,2
"894",-2.85655655432994,4.5519943643705,2
"895",-5.45881850583137,6.63169402874249,2
"896",-7.59678584746822,3.00839015318964,2
"897",-6.37031897498041,5.87429310150888,2
"898",-4.85891935061154,6.05931140365309,2
"899",-5.43226793043332,4.33729195929939,2
"900",-7.33739212207382,7.07204276432155,2
"901",-2.19784967994409,4.03480984705881,2
"902",-6.22252197135705,5.81741030358493,2
"903",-9.04045190201743,6.39171519104934,2
"904",-2.55100902626885,3.63500965534556,2
"905",-4.17394509569946,5.04602878233669,2
"906",-8.63340137064566,6.66485029276981,2
"907",-3.89709514928899,6.97021111387606,2
"908",-6.57019212903331,4.17274131536677,2
"909",-9.3261036631315,6.83296357826573,2
"910",-7.44637088057088,7.16161895638799,2
"911",-4.90560438971532,2.3494816571351,2
"912",-9.42681938833552,3.09605055319126,2
"913",-3.57114762778505,6.46760752225265,2
"914",-7.30749277734497,2.76195176630616,2
"915",-2.43444538301429,5.53100344713317,2
"916",-8.88259320337857,6.66215003811678,2
"917",-7.73145298525567,2.52161067543156,2
"918",-5.83361420442638,1.1334850460708,2
"919",-5.08749012571765,5.93585967527467,2
"920",-7.51130570290098,5.43050498869738,2
"921",-4.13721772103585,3.96336766318163,2
"922",-4.63292275105727,4.35243089492842,2
"923",-8.11377912076448,4.8909567750775,2
"924",-3.41787211215711,3.29609979343006,2
"925",-9.39216256835871,3.4060486754487,2
"926",-3.03094074586092,3.55611412085343,2
"927",-5.25784977764932,6.23110008958233,2
"928",-7.85153843509091,6.19526140190674,2
"929",-9.16082171736662,4.14347141980142,2
"930",-9.1230021235047,4.62697075345225,2
"931",-4.03830857731726,2.71069650687559,2
"932",-6.56574363731165,6.89337685567881,2
"933",-3.99701891274969,6.391925097339,2
"934",-8.39294338858891,7.02503050322859,2
"935",-7.8143749943525,5.28082747902411,2
"936",-3.27885674470097,7.66143245230149,2
"937",-4.3236848452251,6.04309752115714,2
"938",-8.46640562765355,2.65805544195462,2
"939",-5.09913419433702,6.27440662074848,2
"940",-4.67379821877029,2.74365613628601,2
"941",-3.99048004813487,7.62170974310311,2
"942",-7.06951470093088,4.2705509142125,2
"943",-6.67374483036707,6.28802154804948,2
"944",-7.79577813664771,4.8020175493744,2
"945",-4.3976700350488,2.74443161899598,2
"946",-6.41255525122998,5.06363853990563,2
"947",-8.10223609965348,3.75350817225602,2
"948",-5.28643329775316,5.66404424469785,2
"949",-4.12898246740116,7.59720151556636,2
"950",-6.10267398204947,5.19643499498966,2
"951",-7.53334049938679,7.00427332614427,2
"952",-6.13277576447876,1.45725359291188,2
"953",-3.89549560515727,5.76108298915686,2
"954",-4.42600624693278,3.26796285859429,2
"955",-3.0263350736073,3.96968738330129,2
"956",-9.27653392736131,3.43717656837089,2
"957",-2.637711443687,2.8614663515439,2
"958",-4.29367270206489,8.1997000908551,2
"959",-5.11646700292299,2.56221996631572,2
"960",-2.91213810484478,6.27169383285802,2
"961",-6.68871309566154,6.87660450775373,2
"962",-3.52694849913697,5.71989217520047,2
"963",-9.00880020996272,7.00829330128235,2
"964",-7.95457564714835,2.39464460789003,2
"965",-5.99414825384822,8.00437567934328,2
"966",-2.84228823333198,2.94627593455174,2
"967",-6.95472033473886,2.70902983748563,2
"968",-5.03092765615891,7.00594824909393,2
"969",-7.08222134636509,2.42236427414451,2
"970",-4.27727706284743,5.59881238747625,2
"971",-2.62273546883747,6.97354474356401,2
"972",-3.48733915338366,3.12563348439925,2
"973",-7.9063842251157,5.26088217629881,2
"974",-2.1376022541966,4.0423735027421,2
"975",-4.13764280353318,6.67587517686124,2
"976",-4.0850730289874,2.30858815571161,2
"977",-5.20182382695206,3.11642021392598,2
"978",-6.729191583377,2.24999473522048,2
"979",-9.59379725673337,5.00532152641547,2
"980",-7.44870919647716,7.46375510850373,2
"981",-3.14375087263909,5.2987637304447,2
"982",-8.0005872746966,5.52073965605471,2
"983",-9.35242957122994,2.83586499164713,2
"984",-5.10530824912979,3.04995401602203,2
"985",-8.04707466378444,1.98833634439879,2
"986",-4.70135294691581,4.35133200780933,2
"987",-6.07045341139623,5.00982177844166,2
"988",-4.67059937137601,7.41758684877897,2
"989",-3.156215805124,4.80967305824237,2
"990",-2.74886981973814,5.56328665285698,2
"991",-3.09217649747382,2.60218218169229,2
"992",-5.22935981226277,1.96093932133527,2
"993",-3.91742361096424,5.43508402328982,2
"994",-3.9528930100583,3.85653947594932,2
"995",-7.04578007429769,4.39478635809776,2
"996",-4.81751964575875,8.42645386021512,2
"997",-3.72348407849461,3.53355143951022,2
"998",-8.8385887622276,3.94875202049059,2
"999",-9.53428194879422,4.79119515335972,2
"1000",-8.47527740249345,6.14101434894622,2
"1001",8.45246799642053,-9.62862537260045,3
"1002",5.50872840005353,-5.0069499774262,3
"1003",3.44085369899865,-8.16397252405592,3
"1004",5.03801979068434,-4.20831159818311,3
"1005",7.20534925656409,-3.77894390124121,3
"1006",5.38381362609578,-7.84345293468788,3
"1007",4.42146452944058,-7.35883884716034,3
"1008",7.63691430814905,-5.22395610515485,3
"1009",7.43401517789758,-3.97290785111496,3
"1010",8.34763499041181,-8.75254114929066,3
"1011",8.69863212466322,-6.69293667022516,3
"1012",6.59178799505915,-9.3968104741118,3
"1013",9.32172533743244,-7.37278635536086,3
"1014",5.03749634628622,-3.2701832939417,3
"1015",7.52137537206652,-6.69443484584307,3
"1016",3.42771002926762,-5.73831195675632,3
"1017",5.04995404935586,-6.73303562932637,3
"1018",8.90522898601786,-7.68022898535923,3
"1019",7.75259846494074,-4.06775858532701,3
"1020",2.53407027359097,-7.69688241288566,3
"1021",6.14974285958714,-7.18212060068272,3
"1022",6.60952291591315,-7.05517282131787,3
"1023",9.0091742912911,-8.05884241030515,3
"1024",3.17379764232704,-6.23901113483053,3
"1025",5.47121120739895,-7.83512866025625,3
"1026",7.25694855675084,-8.90514072090863,3
"1027",6.86547132859097,-10.0504664976437,3
"1028",7.34554341886344,-9.94772965839812,3
"1029",6.04532775245504,-10.4249877429525,3
"1030",4.10957121512926,-9.70771500637759,3
"1031",4.14895913497384,-6.07233586711771,3
"1032",3.24424773224204,-7.09994147101559,3
"1033",4.8580110023992,-9.88185948828543,3
"1034",5.10106519939255,-10.0437943115079,3
"1035",5.46657178651594,-4.46145965068165,3
"1036",5.13927805615861,-3.73405277303879,3
"1037",6.63689837360329,-7.69739059681453,3
"1038",7.37727111959706,-8.37418371203879,3
"1039",6.87364713653348,-3.77746238676404,3
"1040",8.69103859356521,-9.62388597241799,3
"1041",5.95939688665724,-10.082283858924,3
"1042",7.48121182042498,-6.99613971465905,3
"1043",3.57996563970844,-4.66277819620497,3
"1044",5.61026740048545,-8.86884995924587,3
"1045",5.37886492989164,-10.8866152639305,3
"1046",5.69054185321709,-4.06129990918365,3
"1047",5.7549745710238,-6.70729425303604,3
"1048",9.27169802998037,-5.28788382710051,3
"1049",7.8364608613108,-5.28193113216827,3
"1050",8.44025631152064,-8.14318584778142,3
"1051",2.9403853030316,-8.49133594966389,3
"1052",2.6845147257391,-8.59141000342218,3
"1053",4.2204664470681,-3.61944012908072,3
"1054",7.97588550504175,-10.1348576271171,3
"1055",4.29403514347131,-8.15439567291798,3
"1056",8.63398741143272,-8.66180760028259,3
"1057",5.45508894327702,-5.08556134983547,3
"1058",5.87089200087136,-9.74726149386801,3
"1059",5.32150661638501,-4.37687227788263,3
"1060",2.84264898351042,-6.35137851818816,3
"1061",8.3579717101697,-5.16322907175388,3
"1062",4.03407127329953,-4.04823725692155,3
"1063",8.30763385219143,-8.31512890633878,3
"1064",4.60160597544504,-9.52610613862087,3
"1065",7.28510940476278,-3.87219048013453,3
"1066",4.57634340051415,-3.30348579330654,3
"1067",8.20823096803569,-6.6534493854423,3
"1068",6.1907405554386,-5.17793407750738,3
"1069",7.76115821912799,-5.96331278234809,3
"1070",5.9207336104567,-9.48862830884498,3
"1071",9.53400449679171,-7.15262229203289,3
"1072",7.27388661095122,-5.23610186368832,3
"1073",3.51712636366744,-7.85997113472567,3
"1074",6.91348713379209,-4.11670878463626,3
"1075",4.12191707208923,-4.5531414288394,3
"1076",8.96838681254804,-7.89515875160542,3
"1077",6.53848762288201,-5.71963434773382,3
"1078",5.39540872764426,-7.37449551749333,3
"1079",8.20749207383763,-4.1012282479373,3
"1080",4.34234835914307,-8.779576546791,3
"1081",4.80515204574794,-3.72356797501237,3
"1082",3.35912568598984,-9.22215234434027,3
"1083",3.3648597292675,-7.4627940747354,3
"1084",6.72488606721206,-7.68470158509436,3
"1085",4.43133476901837,-4.99492656087738,3
"1086",4.97146079505478,-3.51075335046566,3
"1087",3.41068022605242,-7.73595960767086,3
"1088",5.57808355896486,-6.85749818908413,3
"1089",6.98881333299722,-10.4585192848642,3
"1090",3.89783903835716,-6.75388676204731,3
"1091",6.32317019115864,-7.90707071932948,3
"1092",7.06354305338151,-10.7904116522554,3
"1093",8.89690094171358,-4.93649689434034,3
"1094",5.71904172622922,-5.37734270179225,3
"1095",6.7604675785976,-3.2886088977018,3
"1096",7.3743051381135,-10.2047371483314,3
"1097",6.4480380607786,-6.36291259113504,3
"1098",5.14837652091127,-7.68252172793675,3
"1099",7.87482907918535,-8.22754120985268,3
"1100",4.70849720525933,-10.5010048501676,3
"1101",4.37840118915229,-5.4542349432071,3
"1102",3.0541426702243,-6.85240526466963,3
"1103",5.84435315071846,-6.67487489057211,3
"1104",5.15196888101596,-5.22569579153257,3
"1105",2.58571590920244,-5.66605443336264,3
"1106",5.15647100780714,-7.7151517299076,3
"1107",2.68946513769883,-6.89685184953579,3
"1108",8.39892145846408,-8.75689531515564,3
"1109",4.00034189044665,-6.36256528783277,3
"1110",4.35863684063282,-5.29497138782281,3
"1111",9.88895053870143,-6.12143809910021,3
"1112",7.84916408446635,-9.69942966605958,3
"1113",3.88854054096915,-6.00953607253971,3
"1114",5.00300407895443,-4.94513979298288,3
"1115",5.15210971340166,-7.62091558954084,3
"1116",3.4402070400076,-4.79808907458762,3
"1117",8.19366066460958,-8.07573404814861,3
"1118",5.15038915540905,-8.30182902251178,3
"1119",6.62907162491592,-5.96488032710311,3
"1120",8.96369426766014,-8.94066338602244,3
"1121",7.30228404906493,-9.27090790824299,3
"1122",4.65365610500036,-7.31470449130061,3
"1123",3.08287932042921,-7.68557853862433,3
"1124",9.73011603050055,-7.71194106792015,3
"1125",6.59378028995891,-7.45310439567767,3
"1126",5.77815318622595,-4.42300666662086,3
"1127",7.3014803616975,-4.79675936663541,3
"1128",9.2592075571764,-6.27136499670138,3
"1129",5.45028419593265,-9.13712810860671,3
"1130",2.76195257976769,-9.07424081415978,3
"1131",7.81893700874608,-4.25218966020626,3
"1132",6.40083454840918,-5.20366452363078,3
"1133",6.98313618494331,-8.83129471543618,3
"1134",7.18571518978326,-9.63423178915123,3
"1135",8.27399829125458,-5.90378728059842,3
"1136",8.98203832876029,-7.27783191162016,3
"1137",7.80259205303783,-8.0123351124093,3
"1138",7.67836152605614,-5.47229802461089,3
"1139",3.37356873783678,-9.31201887023587,3
"1140",3.46655425615616,-9.88443277159963,3
"1141",5.14746631515289,-5.06611038610796,3
"1142",8.04467467572751,-7.71878126892179,3
"1143",8.43207307682584,-7.30345856861935,3
"1144",6.6946746949802,-8.5080274610307,3
"1145",3.91245675002139,-8.6095352440803,3
"1146",8.71805036600439,-7.17160674834357,3
"1147",5.22627893299452,-10.6773562802499,3
"1148",7.61617589058375,-3.83851957668249,3
"1149",2.85138687970202,-8.79828986447834,3
"1150",6.44569231418394,-3.78306618503639,3
"1151",8.7684795025364,-9.50698629982505,3
"1152",2.95063115714743,-7.06276860203966,3
"1153",5.20513223525069,-9.25205797658207,3
"1154",6.2481056712045,-10.1225403001338,3
"1155",3.10554658387835,-8.99952603035316,3
"1156",2.26541745804954,-8.10242041942812,3
"1157",6.47196578511006,-7.01767392081818,3
"1158",7.48875207025984,-9.33513317030319,3
"1159",5.17277823167182,-10.7036793586449,3
"1160",6.67084891869564,-6.309547771776,3
"1161",6.3858214248629,-5.42500951980433,3
"1162",7.72466755698751,-8.07218388258548,3
"1163",7.78743913715594,-7.81085657904246,3
"1164",7.79728444551601,-6.47090218818362,3
"1165",9.30169980645027,-8.52325829308239,3
"1166",2.55615662459005,-7.93836367392475,3
"1167",4.20259033524027,-5.00360853758018,3
"1168",7.02357972909419,-5.47526576448174,3
"1169",5.57476240337561,-9.68345145622534,3
"1170",3.72313844240346,-5.88486742678096,3
"1171",5.66143247198537,-9.81668788694789,3
"1172",3.32976143953378,-5.94607738065486,3
"1173",3.62553441542081,-7.50090568515707,3
"1174",3.01011712449648,-8.28997220291186,3
"1175",3.73058027736068,-8.0797634068407,3
"1176",2.77758037414763,-8.45361661447895,3
"1177",5.68864038653259,-3.75724657334325,3
"1178",5.71769322806896,-8.1401902389337,3
"1179",8.82157438799278,-4.43105293153456,3
"1180",6.39209328104084,-3.47397856249329,3
"1181",4.93930022591147,-10.5788736536866,3
"1182",8.38488196889675,-8.95731735629282,3
"1183",6.82190466891195,-3.18340507809171,3
"1184",8.37687937204113,-7.8566147718894,3
"1185",8.20139378516266,-4.8904702931331,3
"1186",6.35116900235021,-9.59857677015312,3
"1187",3.77989646053772,-9.10835568478928,3
"1188",5.80411237633726,-9.2421530307456,3
"1189",6.27178279246846,-4.93364592906406,3
"1190",6.77079461268021,-9.62633773380059,3
"1191",6.74074246535587,-7.79713676053481,3
"1192",7.18103463633419,-4.52158884642555,3
"1193",2.91778515493097,-5.52348274299924,3
"1194",5.6522213191617,-9.52966298824567,3
"1195",4.46138023379009,-8.36686717818941,3
"1196",7.26751931350676,-5.93575209383361,3
"1197",7.68284764485129,-3.7720605068403,3
"1198",8.40180389798073,-3.82954720265666,3
"1199",5.45415103515227,-7.07886935852736,3
"1200",5.06401069790367,-9.40499538725874,3
"1201",4.72630491680223,-9.84710374342506,3
"1202",6.47356768451462,-7.0110546369173,3
"1203",3.32972188162178,-8.24771956621096,3
"1204",7.41658320800303,-5.69049554005414,3
"1205",7.75070567010065,-7.84043989243028,3
"1206",8.65774382877636,-5.11109278318479,3
"1207",5.5803385749169,-10.9280544343854,3
"1208",4.38285682471043,-6.03310875951594,3
"1209",3.6653749600545,-7.91575143014225,3
"1210",6.48953688688949,-3.05306524309497,3
"1211",3.85465368325976,-10.189302471583,3
"1212",3.05118195139146,-4.9503381565551,3
"1213",5.01178921148971,-3.40966622623242,3
"1214",6.34044551856065,-6.28982210050915,3
"1215",5.52936512774768,-10.459780458322,3
"1216",6.57246237574402,-4.29842175936127,3
"1217",7.68779892746442,-4.81299399749417,3
"1218",5.07459479308946,-9.76212847497291,3
"1219",5.86782540907784,-9.41491748827893,3
"1220",9.39377315051994,-5.32063909085681,3
"1221",6.37182969636307,-6.42205612728059,3
"1222",5.08982780209854,-4.22569001855447,3
"1223",8.73900005558524,-9.24002266804591,3
"1224",2.83828163856522,-5.15836460292666,3
"1225",8.44114492198368,-8.65594252456357,3
"1226",7.1132980350998,-3.52795725745897,3
"1227",2.07959568519525,-7.31595113561335,3
"1228",9.43951750767691,-5.30996832713926,3
"1229",9.44036121620637,-5.40595282802726,3
"1230",5.73357609689267,-10.419440791823,3
"1231",6.24268986307537,-9.67695635656864,3
"1232",7.64662975796773,-6.11720099152678,3
"1233",3.37659415144936,-4.35927079508299,3
"1234",7.18831876866784,-9.3709775926011,3
"1235",4.32237796213026,-4.00569589004259,3
"1236",4.73701238271485,-3.23841181841407,3
"1237",6.36634465345258,-10.5655560890021,3
"1238",4.28850119679664,-7.30618884889883,3
"1239",7.10120362343835,-8.99952890194002,3
"1240",4.11864661261355,-6.63678712712746,3
"1241",3.26501474848567,-7.73287136086609,3
"1242",8.65245798237743,-5.62493938940463,3
"1243",6.01470687717944,-4.73193331500182,3
"1244",8.07620768061223,-3.99495854591397,3
"1245",8.99667451648093,-5.2882569576475,3
"1246",4.99205127333311,-10.4145878487285,3
"1247",5.64131529143751,-7.83331737093337,3
"1248",6.41226455376501,-5.94426169186672,3
"1249",7.26460072701833,-4.0455086040035,3
"1250",6.21539456771371,-6.50878510864481,3
"1251",5.30016749563257,-6.73414867502678,3
"1252",4.03929970185005,-8.58305483009724,3
"1253",5.47527723003318,-5.46940881509837,3
"1254",2.34490904283607,-8.40712868064899,3
"1255",4.56848581684562,-3.49746824386965,3
"1256",8.98388957628118,-4.62409898684389,3
"1257",3.37815507434135,-9.04349222873562,3
"1258",2.35984382336003,-8.18223783800899,3
"1259",9.49772045199944,-5.4940667340561,3
"1260",3.27695324753065,-7.84927785948043,3
"1261",7.5578281831086,-4.09490766893388,3
"1262",9.09796692276946,-6.14852770620239,3
"1263",3.98200544507245,-10.3717279582655,3
"1264",3.23273585075404,-5.47918165666021,3
"1265",9.63418076010813,-7.52113218021227,3
"1266",6.26754891165569,-10.8777175591603,3
"1267",8.48792200164884,-9.17744002753809,3
"1268",7.84513030264738,-4.40439878389629,3
"1269",6.79973209480046,-8.02389712706377,3
"1270",4.72285304051035,-8.34111901294706,3
"1271",3.44955337859128,-9.30853913266952,3
"1272",8.63961261907022,-6.53925144545016,3
"1273",7.92856877379455,-9.12593176284447,3
"1274",6.84615710803558,-4.38996958338659,3
"1275",7.01254924420864,-7.62307175692455,3
"1276",4.6592430336287,-6.06519465556399,3
"1277",2.46713016956673,-8.6350569748831,3
"1278",9.30938326605756,-5.56804154674758,3
"1279",7.33849204265115,-10.1536457749842,3
"1280",6.9391584189451,-5.91398376239573,3
"1281",6.39895100687932,-9.65513770385034,3
"1282",5.05419572669136,-3.33784911257925,3
"1283",2.92420460139515,-8.71030072978698,3
"1284",6.8711611325086,-6.71573137819899,3
"1285",7.86440625165701,-6.20900782042504,3
"1286",5.27452464558768,-6.79600698731648,3
"1287",4.30699278386932,-5.44023846124359,3
"1288",6.10861350835475,-3.79739252916719,3
"1289",7.79697556486461,-5.47814135341288,3
"1290",5.7400053385323,-8.42621247984005,3
"1291",7.72400430597094,-7.3298397194961,3
"1292",4.42887034144653,-4.97948833812883,3
"1293",3.29555916446437,-6.09161645169203,3
"1294",3.64181054292962,-7.49700994182688,3
"1295",7.40910983830479,-3.34605102240927,3
"1296",6.84685011697587,-9.70823728385644,3
"1297",7.00544989573466,-5.42961194442711,3
"1298",3.36900305997726,-5.25254799074587,3
"1299",4.62480129760397,-8.12033870286432,3
"1300",3.38148506372006,-8.59753073774628,3
"1301",9.20079624493491,-7.28626158146705,3
"1302",2.71687345722926,-5.00930654260756,3
"1303",7.21001504536648,-9.69543541985239,3
"1304",9.69005510386609,-5.75439504442316,3
"1305",7.89518444026637,-5.51387511502458,3
"1306",9.30710964257824,-8.74338096999834,3
"1307",5.03895861512188,-10.6076217834442,3
"1308",6.77386355272092,-4.8396584533117,3
"1309",4.17334993853607,-5.37796658784205,3
"1310",7.47329841197134,-4.78896375798897,3
"1311",6.34270516808208,-8.65085103953509,3
"1312",5.19777808499019,-5.18545491212975,3
"1313",4.35464630636192,-6.5420609644738,3
"1314",5.44163599049817,-5.20022337242467,3
"1315",7.78699956487743,-7.47548582046486,3
"1316",8.25683718934405,-8.17817870609896,3
"1317",2.96881480608672,-5.63501323115294,3
"1318",2.67052272866577,-8.99002769458312,3
"1319",7.32211811775378,-8.47419808378995,3
"1320",5.78911740342574,-6.40192284405328,3
"1321",4.96429999418307,-6.37424191966122,3
"1322",8.34562801386201,-7.95869978569295,3
"1323",6.07805954233266,-9.25479083461082,3
"1324",5.25826326343356,-10.8424008763397,3
"1325",5.28000412084775,-6.11316091909325,3
"1326",5.57405137016899,-10.319486706954,3
"1327",8.5692976582848,-5.91598600920402,3
"1328",4.04409079522093,-4.37837167445875,3
"1329",7.62294835483722,-3.37909997867216,3
"1330",6.53261396001941,-3.92882523375452,3
"1331",4.76669789300045,-10.6336671233783,3
"1332",6.11565495211873,-7.62763508811572,3
"1333",5.65892275624679,-7.47694842412232,3
"1334",8.65158641116001,-8.23891760329713,3
"1335",4.40695631602417,-8.4730654031421,3
"1336",5.22575892680896,-4.83086027477455,3
"1337",3.97522798977249,-4.88210994427375,3
"1338",7.49271031230684,-9.73420419091483,3
"1339",3.788519955054,-3.97930292409468,3
"1340",8.32437410074655,-6.35436502065172,3
"1341",7.45305598077814,-10.6994374893674,3
"1342",8.28460008573301,-5.38148289095103,3
"1343",7.78819788561438,-8.79556759317779,3
"1344",8.78900555470338,-5.09862711988199,3
"1345",3.50442548294815,-8.31219498964231,3
"1346",2.92234113669286,-9.51188076510129,3
"1347",3.07030301404947,-7.48368860363747,3
"1348",8.41515956126171,-7.01074119481807,3
"1349",7.78649532769217,-5.2557036787481,3
"1350",5.51645893135674,-4.45462104278535,3
"1351",8.06844164583365,-4.87693855385653,3
"1352",2.38720468136139,-8.41158389998949,3
"1353",2.8244715601455,-5.30851206630254,3
"1354",9.06685928153231,-4.7346716606731,3
"1355",7.2505891903672,-10.2698495680732,3
"1356",3.29635465858031,-6.396161554752,3
"1357",8.46505113699773,-3.98595155744682,3
"1358",3.22113192638452,-8.83213348973902,3
"1359",2.42812066153378,-7.24816472037552,3
"1360",6.27296776775943,-5.32067343489358,3
"1361",4.89432002138865,-10.6057656841167,3
"1362",6.70190161186778,-10.3904876148578,3
"1363",5.23307724362431,-10.1956054439124,3
"1364",9.63817637776295,-7.74946223110731,3
"1365",7.36016596232329,-6.45194298024846,3
"1366",3.52111891951512,-8.28642168272549,3
"1367",5.61512527213869,-8.47571153773712,3
"1368",5.12716739205999,-10.7799487541868,3
"1369",2.74987381106697,-7.1136658674153,3
"1370",8.57341100129161,-4.38418114641495,3
"1371",4.16138818420353,-6.5587033836044,3
"1372",7.52916358725796,-8.91034251010495,3
"1373",5.21921849133067,-3.74307449770468,3
"1374",6.4130958735844,-10.7419621725347,3
"1375",3.09626760905493,-6.03528925420522,3
"1376",8.44919664258061,-6.74999344980335,3
"1377",5.19088190828514,-10.4793328479088,3
"1378",5.78796296906991,-8.05355616740432,3
"1379",8.77918139299891,-5.62583660711996,3
"1380",7.12800133210862,-10.3525903975457,3
"1381",3.28643601781726,-8.30225665146608,3
"1382",9.1620446775736,-4.76349652057511,3
"1383",9.23649541787837,-6.80007568020262,3
"1384",9.56959269595069,-5.98397352555691,3
"1385",5.0175462327307,-6.27429461741896,3
"1386",8.939346237318,-8.67180603135852,3
"1387",7.01999975278774,-4.91147628989099,3
"1388",9.17249729573641,-8.62003407296086,3
"1389",5.00113088654371,-10.4035832760706,3
"1390",5.57742661343474,-7.47422979857909,3
"1391",6.88299222322839,-6.42173074940547,3
"1392",9.3952061643444,-7.65361924417628,3
"1393",7.6089131402232,-10.1209322602503,3
"1394",6.08416073477182,-9.4786547208899,3
"1395",4.72257607432586,-3.85878268690571,3
"1396",5.18882396162734,-5.81970128312668,3
"1397",3.49471708361734,-9.61461751593251,3
"1398",7.01251042805142,-3.77790537484215,3
"1399",5.552259501264,-7.63584874197562,3
"1400",9.08490020541135,-8.2728410958905,3
"1401",5.15900496545625,-8.6122935616472,3
"1402",5.31033168122424,-6.31481576796789,3
"1403",7.58668157756007,-9.30386164635436,3
"1404",6.95474393720365,-10.0284911775272,3
"1405",5.10249857331969,-3.67977631411189,3
"1406",7.30599394196209,-9.53210532482094,3
"1407",3.53643488800493,-8.08289011142387,3
"1408",3.57237324616552,-5.1617088374308,3
"1409",7.300532037307,-8.33662303983115,3
"1410",3.93409821514275,-5.38238384560979,3
"1411",8.8050193333832,-9.11208855933158,3
"1412",7.51323922360486,-9.47938867959772,3
"1413",5.73414991337544,-6.5588400630232,3
"1414",8.14148419939973,-7.9939863252707,3
"1415",3.50436104806128,-4.28134455616089,3
"1416",3.52770858847726,-5.24663229757287,3
"1417",2.13579160175408,-7.80899939126803,3
"1418",6.15160349658268,-10.2362981183467,3
"1419",3.28703788835401,-6.35090543418405,3
"1420",2.87400580465044,-4.8689454851057,3
"1421",5.06792209192209,-3.25355412460515,3
"1422",6.05735775648157,-9.31781426399403,3
"1423",5.13909425172612,-3.37212319139472,3
"1424",6.70178997243288,-5.78233497488325,3
"1425",6.24592220481216,-8.62771437667919,3
"1426",2.87410438975387,-4.86840253909808,3
"1427",8.60971025680594,-6.0046488942021,3
"1428",5.21008542899218,-6.25322692759204,3
"1429",6.051191194531,-8.61038182632908,3
"1430",4.03321717720611,-5.64128032264601,3
"1431",7.93701584165414,-8.59798410591289,3
"1432",8.10590342703295,-6.63342664160555,3
"1433",4.95564199799388,-5.31899700915454,3
"1434",8.96707241626367,-7.85623901919888,3
"1435",8.02612429208759,-7.60625260396116,3
"1436",3.52851736883922,-7.75134684120024,3
"1437",4.73357966355999,-7.00535576808545,3
"1438",6.40638857338972,-6.76270947155957,3
"1439",5.78648960321392,-7.40497525385492,3
"1440",8.32859196307257,-6.79985242738985,3
"1441",7.84311834861664,-8.36237222460396,3
"1442",4.29858612627641,-3.99666074468821,3
"1443",5.39466042871728,-7.75145509580406,3
"1444",2.6039156487848,-6.33270726165343,3
"1445",9.23788276381875,-8.97608696242817,3
"1446",4.75956897868338,-7.00573831958654,3
"1447",3.36257718946412,-7.90714138325148,3
"1448",9.05349052775475,-6.40837766203461,3
"1449",9.70227970441615,-7.03701483882741,3
"1450",4.07485504353654,-5.50242832771729,3
"1451",2.57943769586279,-7.10824054883823,3
"1452",9.93016171999036,-6.43954894114485,3
"1453",6.18110901098677,-5.31892135656745,3
"1454",3.29981928559271,-4.21413387070719,3
"1455",4.84731947432163,-5.76756651894977,3
"1456",7.32191275012606,-7.4026623553084,3
"1457",3.52872810316796,-5.31417552630851,3
"1458",3.72489521581773,-9.48293783321591,3
"1459",5.8753179839289,-9.3902902684235,3
"1460",9.12727974740725,-8.16243273818184,3
"1461",2.05253375152651,-6.68268534691006,3
"1462",4.7396261657834,-8.28640864754908,3
"1463",5.36470443031647,-10.6790623215065,3
"1464",9.45715589274693,-7.04202205371293,3
"1465",4.60576394795677,-8.20181037011246,3
"1466",7.47730564705007,-10.3223816530749,3
"1467",5.51105529899474,-4.95547482989238,3
"1468",4.33930537527341,-4.02695712880712,3
"1469",7.26229984814316,-7.93617431762207,3
"1470",3.80883012096742,-8.39441954221339,3
"1471",5.39260312924656,-3.46588875658705,3
"1472",6.59374781080014,-6.36729085804341,3
"1473",6.7524724100098,-3.30605422593836,3
"1474",3.99305774795439,-6.13377275275084,3
"1475",5.30307718582537,-10.3214362965911,3
"1476",2.75567235490396,-5.16698934751082,3
"1477",3.88525973372024,-4.41519924092403,3
"1478",3.53228331049584,-6.22276462370115,3
"1479",6.00840365507431,-9.04274050745327,3
"1480",4.10573570209426,-10.3641805154945,3
"1481",7.42645321487072,-6.50802269766328,3
"1482",3.30264696226798,-5.79214728108762,3
"1483",6.82132214294725,-9.48874790320096,3
"1484",7.32278081154888,-7.0467809290691,3
"1485",7.58946565665744,-6.57396947114914,3
"1486",4.21214139951486,-9.63192530792773,3
"1487",5.08324279059159,-5.58569936793427,3
"1488",3.79383284033237,-5.70394501189273,3
"1489",7.30586240770716,-6.33386764363342,3
"1490",7.2909004837258,-9.30377793222339,3
"1491",7.27632514268996,-9.13605577672977,3
"1492",6.38363811222193,-10.6678696158451,3
"1493",3.45997510482622,-7.15770752251748,3
"1494",4.54726296070995,-5.43881411205261,3
"1495",5.23350468941689,-8.33221196778102,3
"1496",6.88500447461434,-9.24814329710161,3
"1497",2.68131300804092,-7.9616163017877,3
"1498",8.64157520777052,-5.95048651662583,3
"1499",6.81256858660453,-10.0515364386362,3
"1500",9.48609314306501,-7.83727772489793,3
"1501",-7.82107455480443,-7.85284219770065,4
"1502",-8.90015454898496,-3.94572325945516,4
"1503",-6.3021194243877,-7.07332719907289,4
"1504",-7.08825407338525,-2.34667090798611,4
"1505",-9.84438131140041,-4.30513189042416,4
"1506",-7.17019037648014,-3.15294877516424,4
"1507",-6.13456279428917,-3.77781993656453,4
"1508",-7.64269129155516,-6.37590984253872,4
"1509",-8.6758862453545,-6.09592136129754,4
"1510",-6.42089664042257,-1.77326320183179,4
"1511",-5.58374588055917,-1.17139657745674,4
"1512",-7.59454584080973,-3.58492596532067,4
"1513",-3.69005660948176,-6.7845119348128,4
"1514",-8.10866328247504,-6.45206429730549,4
"1515",-6.99523149761137,-7.26901612973662,4
"1516",-3.73964775859388,-4.58830470113427,4
"1517",-4.61446978520675,-4.10653939659422,4
"1518",-2.25811854009745,-3.82002827843984,4
"1519",-9.83826771809093,-5.63308996866907,4
"1520",-7.40445432077385,-6.48418057646213,4
"1521",-7.41690388433019,-4.16712515416648,4
"1522",-8.02171044488808,-1.93626548212751,4
"1523",-3.34793275357819,-2.55475243775469,4
"1524",-6.3430035815585,-7.61411698793633,4
"1525",-4.01264016302029,-3.27152698513688,4
"1526",-2.94863791856501,-6.65307131969563,4
"1527",-3.00254226374111,-3.20798160585479,4
"1528",-9.57820435245515,-5.15971983069918,4
"1529",-9.34776233566417,-4.98016623258286,4
"1530",-2.89625968077785,-6.26391798140856,4
"1531",-8.28854975064918,-4.88642426824503,4
"1532",-6.61367353421885,-7.44187966340924,4
"1533",-8.38189816520438,-5.03374322745479,4
"1534",-4.53612141751106,-2.2177065353401,4
"1535",-8.6354489584003,-2.98536718869906,4
"1536",-6.52869157264734,-8.34613164949997,4
"1537",-6.03274357545771,-2.79542412393025,4
"1538",-5.8295771567744,-5.71720713919666,4
"1539",-8.01311564006731,-3.17006358226282,4
"1540",-2.84684754492293,-4.66442978293668,4
"1541",-4.82767785793246,-6.96528366948955,4
"1542",-9.16778258005729,-4.57687939105955,4
"1543",-5.27762219459692,-7.18532966976914,4
"1544",-5.81045099991136,-5.48953108941043,4
"1545",-9.95689547146092,-4.52998820178022,4
"1546",-8.4431053272609,-5.71021582707542,4
"1547",-9.71540212399876,-4.2980625562805,4
"1548",-5.30411087943212,-3.04125671359391,4
"1549",-6.48856204594022,-1.70099548090337,4
"1550",-8.31332778445566,-4.78988161675628,4
"1551",-8.70660878894649,-2.44693139161074,4
"1552",-4.3100254789568,-3.41689441770167,4
"1553",-6.26189380128393,-8.73186447769916,4
"1554",-7.41746488888261,-3.66578173895806,4
"1555",-4.1381652411041,-5.00674481586507,4
"1556",-3.88451366724771,-4.81102860969874,4
"1557",-7.77314399726896,-5.76724892481366,4
"1558",-5.92595105841266,-4.04440203450073,4
"1559",-3.55634726032503,-6.73426737627039,4
"1560",-7.27874667388508,-2.43798183394317,4
"1561",-4.72739973518347,-3.56908884198826,4
"1562",-6.17971254803926,-1.9407676241227,4
"1563",-4.85793593414747,-7.67291141926896,4
"1564",-7.00704490210196,-1.50648923217689,4
"1565",-7.4239906687245,-5.61336610106353,4
"1566",-6.85854116576926,-3.16445985211756,4
"1567",-8.95855847490452,-5.47642846210697,4
"1568",-2.38310754992667,-5.23035773686656,4
"1569",-5.41293509093855,-7.20007009692095,4
"1570",-6.78826107681943,-8.54565170156295,4
"1571",-8.67914732205695,-2.57994742945134,4
"1572",-8.69345996636847,-5.89956317205198,4
"1573",-2.37435439701988,-3.45623690938674,4
"1574",-5.98832819214429,-7.48028208704758,4
"1575",-8.62390889548311,-7.79419411299688,4
"1576",-4.42391724976011,-7.4799772702558,4
"1577",-5.5150559186416,-5.94252720168091,4
"1578",-4.00269033040541,-4.02661536865328,4
"1579",-3.61408121321943,-7.95303688575397,4
"1580",-6.4912830514341,-1.10384866261854,4
"1581",-7.6663508376636,-3.2466680326777,4
"1582",-3.00217012309937,-4.28720780706773,4
"1583",-7.12934163366505,-6.0644629850674,4
"1584",-7.24320445865378,-5.32090463979878,4
"1585",-2.52248859908355,-6.45853844526365,4
"1586",-4.24779654970278,-6.74364002901928,4
"1587",-2.84375882925345,-4.46500087300465,4
"1588",-4.99860713643734,-1.99315553210988,4
"1589",-6.77181335394658,-1.44272936312451,4
"1590",-9.41673864296816,-4.28568704851787,4
"1591",-3.96165189241705,-3.74391119834836,4
"1592",-7.32230861824682,-5.86456058047838,4
"1593",-9.03061056797872,-6.32348825074706,4
"1594",-6.56803356343428,-7.89231504853685,4
"1595",-4.3632107691822,-2.05901187564554,4
"1596",-2.58563391452782,-4.12375344018692,4
"1597",-2.30682111324188,-6.14503141168191,4
"1598",-6.93439697933625,-7.64216722725418,4
"1599",-7.32417358684302,-6.14486908574398,4
"1600",-8.70389916053591,-7.44369057294494,4
"1601",-7.22530854178647,-2.30248819011894,4
"1602",-6.14746377432017,-3.05182913175778,4
"1603",-5.3731208457128,-2.0123410163832,4
"1604",-7.89001993936971,-7.00547434926884,4
"1605",-6.36011399398814,-2.25288184805218,4
"1606",-5.78657356166176,-4.82361734841333,4
"1607",-3.63073715531323,-7.39394204558483,4
"1608",-5.42482782407438,-8.92199785812785,4
"1609",-6.24373892112628,-1.38045650681611,4
"1610",-8.01899637170456,-5.93627761819709,4
"1611",-6.94021778904565,-1.43439941358947,4
"1612",-4.04201220052791,-8.07554369208225,4
"1613",-5.64777648653642,-3.69761024495198,4
"1614",-7.41915938700416,-1.35031541461184,4
"1615",-4.84666743325574,-2.18857628718669,4
"1616",-8.44606320051294,-6.72213631212397,4
"1617",-5.51354624575411,-8.3934647366533,4
"1618",-4.84878428685724,-4.96086713493296,4
"1619",-5.40552793671704,-3.08217514400646,4
"1620",-4.68308282387687,-5.4046718476915,4
"1621",-5.77167542630268,-5.83717492997824,4
"1622",-4.52304742285056,-5.63044600386501,4
"1623",-8.56328337600016,-7.22786808689865,4
"1624",-4.0400069314858,-3.29211722101025,4
"1625",-4.32249412275272,-2.59225282360231,4
"1626",-2.51465379174305,-5.52620302219103,4
"1627",-6.82970778643968,-6.8970049722562,4
"1628",-5.78645059790808,-2.39329888687375,4
"1629",-9.49548978864878,-6.18259735928091,4
"1630",-2.94871979152252,-5.44261175351303,4
"1631",-7.46308055426637,-2.2348765453592,4
"1632",-5.27929217027305,-4.66634098982318,4
"1633",-9.6964539791291,-4.81582641307185,4
"1634",-8.05337362574937,-5.03105922911982,4
"1635",-7.88488668643625,-5.60569072345816,4
"1636",-4.39833902805607,-7.23735941932481,4
"1637",-4.0936296850227,-6.72311668456683,4
"1638",-4.03872216684368,-6.5814816470493,4
"1639",-3.47535286065006,-6.47689232030961,4
"1640",-4.9787890724944,-5.32515072811031,4
"1641",-6.59855248026583,-8.3548775832495,4
"1642",-8.28471299488603,-3.85026285361422,4
"1643",-8.77360656803564,-3.11655758473444,4
"1644",-7.92672822774477,-7.61712088389245,4
"1645",-7.04686070614282,-1.88253372164611,4
"1646",-4.98199355499061,-1.87245603059508,4
"1647",-7.41517577316501,-8.6179905168296,4
"1648",-5.60843154827064,-8.31894421211217,4
"1649",-8.81616425785378,-4.97168313468148,4
"1650",-3.90974141075277,-7.57022723176899,4
"1651",-9.68463938513766,-3.50282986257373,4
"1652",-4.08634864013898,-4.27245931685849,4
"1653",-4.12937588273096,-6.0434677608045,4
"1654",-4.41402267244712,-8.0604047603533,4
"1655",-6.64590941372471,-3.04850462690797,4
"1656",-3.95131068155652,-2.01459151573938,4
"1657",-4.11400431510839,-6.06982148132437,4
"1658",-8.11660668396072,-4.44960306133278,4
"1659",-9.25473627075125,-5.04872962524094,4
"1660",-6.02203195169641,-5.61283270878717,4
"1661",-9.64383603744446,-3.78495366165402,4
"1662",-4.1756578626159,-2.67948578026512,4
"1663",-3.51639692388263,-5.93776701650492,4
"1664",-3.08533166866841,-6.40564800514757,4
"1665",-5.88487903172506,-5.31149894747833,4
"1666",-2.56943382152877,-3.04207657100352,4
"1667",-3.52944116036949,-5.26983398205855,4
"1668",-6.15974139790551,-8.34692477976728,4
"1669",-5.09579590573482,-2.81172586568877,4
"1670",-5.34272252932014,-1.13193685205743,4
"1671",-8.87283751825064,-4.28155993096144,4
"1672",-9.1692525487327,-7.1479681497177,4
"1673",-6.01801062025616,-3.01783795799239,4
"1674",-4.30108589634493,-8.40844068770702,4
"1675",-8.47857253045946,-5.62292398039058,4
"1676",-9.18714947563218,-3.75340920591025,4
"1677",-5.11909728662091,-1.13997683564869,4
"1678",-6.41142034042843,-5.72501081867698,4
"1679",-4.96028592312759,-7.70023780361125,4
"1680",-6.53193674183156,-4.92962697151913,4
"1681",-4.84581269285554,-5.55357035109979,4
"1682",-5.81939177639699,-8.94974400158412,4
"1683",-5.06219483060134,-5.16658722494661,4
"1684",-6.53358519838177,-7.98624267630966,4
"1685",-7.8815868983186,-1.90677759573093,4
"1686",-6.28333956658897,-8.49636749553292,4
"1687",-4.59699321597815,-2.64215683288474,4
"1688",-8.29228932779754,-8.02293295413968,4
"1689",-4.74236381980552,-2.80130550251694,4
"1690",-3.9747668658236,-3.44243199619204,4
"1691",-6.74051250994157,-8.10472124407988,4
"1692",-6.59031256574023,-4.2278204620274,4
"1693",-8.30605134793478,-3.06978341368176,4
"1694",-4.32272339532926,-4.63905595636225,4
"1695",-5.65538421162675,-3.4512661934917,4
"1696",-8.51080446327725,-6.97227610011259,4
"1697",-4.72542663692928,-2.66618147723397,4
"1698",-8.09333932269871,-3.97197200953892,4
"1699",-7.86091978949094,-5.12800783880357,4
"1700",-9.32139179842632,-4.19347055951367,4
"1701",-5.34609808471765,-5.06803709680167,4
"1702",-5.2373224152514,-2.72715798482993,4
"1703",-5.71119138537773,-6.06294949882615,4
"1704",-4.75795283381666,-3.05283521641279,4
"1705",-2.59386233063792,-3.00119102439954,4
"1706",-8.06614253472888,-7.39591138031799,4
"1707",-4.56411175275276,-3.21438357525964,4
"1708",-3.68586296453105,-3.33286161441269,4
"1709",-6.94447620271822,-1.91904944803196,4
"1710",-6.39263240470998,-3.75011547137822,4
"1711",-2.45171429883639,-6.5817997108175,4
"1712",-5.72004561836065,-8.78014515539042,4
"1713",-3.3273623589227,-4.44175548587652,4
"1714",-7.0999067944376,-6.01612746853893,4
"1715",-8.23907189017986,-4.33362999743938,4
"1716",-3.29606246949745,-2.19482723322385,4
"1717",-6.78435824162946,-4.61466369005781,4
"1718",-6.32333911069974,-1.70244235296859,4
"1719",-4.03288759844819,-2.13822039734751,4
"1720",-6.07831739216545,-1.40279507552579,4
"1721",-2.84713179483814,-2.68073336212237,4
"1722",-4.01565618613878,-8.40413698972552,4
"1723",-6.85967822033228,-5.768455583802,4
"1724",-8.404986493763,-4.36715783040979,4
"1725",-6.15635409104633,-2.37640590260215,4
"1726",-8.37139655925495,-5.22320131356124,4
"1727",-2.40148147371763,-4.17166212881234,4
"1728",-8.92364942606997,-3.88930427970223,4
"1729",-8.04820671916547,-4.6154028569995,4
"1730",-7.73057981702609,-5.24290432890302,4
"1731",-6.83269636754803,-8.21225715523313,4
"1732",-7.82058060622864,-6.05442290815215,4
"1733",-9.17157687054829,-6.97582329563929,4
"1734",-4.25878145810266,-6.86526546357416,4
"1735",-4.58248762867888,-8.20959982490338,4
"1736",-5.2383725854341,-8.859758773317,4
"1737",-6.45994734436399,-6.76591449789135,4
"1738",-6.07663705820208,-5.60633668384354,4
"1739",-3.38268275500938,-3.93307419745212,4
"1740",-5.88897598050639,-6.7917933207113,4
"1741",-9.120342104939,-2.93391515766231,4
"1742",-4.38017966349452,-3.54218628270052,4
"1743",-6.00708179980691,-4.83113148069424,4
"1744",-3.42439891954157,-7.17307136981277,4
"1745",-3.14923580659204,-2.95266173754511,4
"1746",-7.66758471523978,-2.61476566277911,4
"1747",-7.04976893900819,-6.52879007104282,4
"1748",-7.47663107844874,-6.35157752058436,4
"1749",-4.35673737511988,-8.21268902638378,4
"1750",-3.28220845572941,-5.32877209221139,4
"1751",-2.94963773161876,-4.29257726695838,4
"1752",-7.43589208523443,-4.0027979732964,4
"1753",-2.57629168820865,-6.10615894520484,4
"1754",-4.8522683748228,-8.16523671082546,4
"1755",-7.18221357967688,-6.23356352881229,4
"1756",-6.62663554604771,-6.47901307384735,4
"1757",-4.03471726446102,-6.76683371778762,4
"1758",-3.99359983734855,-3.79964432142054,4
"1759",-4.24795606189474,-1.72101350835633,4
"1760",-5.90915583154706,-3.95849132894099,4
"1761",-7.10402227358053,-2.31443642930977,4
"1762",-9.14829465756874,-3.9007150278922,4
"1763",-5.45283995450591,-3.85746954564756,4
"1764",-3.27942334015994,-3.52369779249824,4
"1765",-8.55809603539115,-2.15158276196056,4
"1766",-6.36064201526276,-8.73512779790342,4
"1767",-3.26404076429888,-6.0795134775248,4
"1768",-3.54417596541683,-2.59589818995622,4
"1769",-5.81804005550373,-5.62615286992888,4
"1770",-2.98893664489441,-2.62444213793538,4
"1771",-6.1661225952113,-7.12827256211132,4
"1772",-8.27998063825548,-3.00565566805629,4
"1773",-3.94968950258069,-6.29363607237754,4
"1774",-4.77670778190513,-3.16256950979933,4
"1775",-7.6568275684006,-4.77397860074511,4
"1776",-9.66458016951714,-4.73995196403727,4
"1777",-9.47081106353462,-6.52697839516597,4
"1778",-4.95484024573364,-4.2728933488055,4
"1779",-2.46619911158211,-5.53194149545878,4
"1780",-4.04811329766436,-5.61943040775865,4
"1781",-3.59006249361564,-7.28299710478996,4
"1782",-9.87920720809089,-5.53590346740415,4
"1783",-3.73037058515056,-2.00386871263901,4
"1784",-6.45486348588159,-5.75447833124269,4
"1785",-2.98398913502092,-6.10678645899126,4
"1786",-9.61597155227103,-4.6513883331712,4
"1787",-7.56318198959343,-4.76812793391534,4
"1788",-6.84717098377431,-4.96291577449879,4
"1789",-7.22303606818962,-4.48513495023809,4
"1790",-5.70318761831371,-6.87050825501331,4
"1791",-8.12796146069934,-3.09793205461567,4
"1792",-5.93053949180256,-8.8536085225915,4
"1793",-5.99666611197855,-7.14695244246333,4
"1794",-8.17135484010665,-6.51710929734239,4
"1795",-4.31038880085688,-7.46415782312836,4
"1796",-3.05965339586834,-6.49034664834169,4
"1797",-4.21979246922695,-3.11864637100164,4
"1798",-5.286771151237,-7.25479838229717,4
"1799",-7.86029500546597,-4.92080136245373,4
"1800",-9.66906424981353,-3.46114815420653,4
"1801",-6.65566982654837,-6.90195761306597,4
"1802",-4.77179704269486,-4.08189533585672,4
"1803",-5.4836646853903,-1.90935385308753,4
"1804",-7.9971349034803,-3.72847697118869,4
"1805",-8.31691578017622,-2.42426630335783,4
"1806",-9.61690843183833,-4.73339213936895,4
"1807",-9.34606301515293,-7.13362719783689,4
"1808",-3.85477947510255,-8.30490241190662,4
"1809",-6.36353435496164,-6.81765355544688,4
"1810",-3.47773705505104,-6.21531063195197,4
"1811",-4.52896161121607,-1.53333059950049,4
"1812",-9.4635752741415,-5.99273546320737,4
"1813",-8.45912910015083,-5.52032662753018,4
"1814",-7.42072876907127,-3.77033966957491,4
"1815",-4.02708347630324,-7.72251627662731,4
"1816",-4.6812134995585,-3.79614518104562,4
"1817",-7.61357317295611,-5.84855648749021,4
"1818",-3.33710546473076,-3.26699721149188,4
"1819",-7.42509716973985,-1.90785515296318,4
"1820",-5.90777507080185,-4.80391825213604,4
"1821",-8.48381701687967,-2.56245085335268,4
"1822",-6.59697357809204,-1.57230378606317,4
"1823",-7.05063316922793,-5.38802289125556,4
"1824",-4.06599714130611,-5.56568398711623,4
"1825",-9.01987818775893,-5.29312931995686,4
"1826",-4.02183044368511,-3.81594882729196,4
"1827",-2.67555498776164,-7.0269554542792,4
"1828",-6.43484734217461,-3.85725672938515,4
"1829",-9.60285414992458,-6.40830903447763,4
"1830",-8.80121155351106,-3.34697941392965,4
"1831",-5.93913118923244,-4.42673702759522,4
"1832",-6.10780543123354,-5.49534601109484,4
"1833",-7.53733798829005,-3.54304841331236,4
"1834",-8.50307257775086,-2.12811314474114,4
"1835",-6.15644097975064,-5.78470214843527,4
"1836",-9.01985522675752,-2.8590693700153,4
"1837",-7.46877892289447,-4.54429864818125,4
"1838",-5.06960029340928,-1.36845407820684,4
"1839",-3.99097403660056,-2.79236762959072,4
"1840",-3.49037260988618,-3.82268017345186,4
"1841",-7.41863916896295,-7.58166499154272,4
"1842",-6.94808184687123,-6.51323235483487,4
"1843",-4.70483539430673,-8.7533182740936,4
"1844",-5.17535045835271,-4.84129047251389,4
"1845",-7.38975751978535,-7.73013423601338,4
"1846",-9.17110657379887,-3.74349913021797,4
"1847",-9.34870076558785,-6.02729787549441,4
"1848",-3.626740025414,-6.75031703345587,4
"1849",-5.57452697333482,-8.09664822545689,4
"1850",-9.3700179952958,-5.49030800055687,4
"1851",-8.01773822213363,-2.38253373116395,4
"1852",-6.55175766103556,-3.54435360551292,4
"1853",-4.87366493319303,-8.63339750842404,4
"1854",-8.84453536149623,-6.06835044707668,4
"1855",-9.38856369135687,-6.10666321378519,4
"1856",-2.82902016139856,-3.92913420506583,4
"1857",-2.985910896421,-3.17247853511267,4
"1858",-7.10168470490592,-3.28648182246089,4
"1859",-3.35458043958892,-4.2340871144272,4
"1860",-5.86481558854123,-5.55395327687899,4
"1861",-4.86735377553284,-4.11086812657858,4
"1862",-3.04334496129263,-6.46607442980937,4
"1863",-8.66686543480892,-4.54870761516784,4
"1864",-2.64794129794206,-3.73110106368997,4
"1865",-7.64526282873924,-6.17886886017275,4
"1866",-4.83800430520061,-4.82601789193817,4
"1867",-3.71585618327107,-2.51314604898307,4
"1868",-3.68406993539573,-6.02179735823302,4
"1869",-5.39515141579956,-2.62089970074428,4
"1870",-7.33570748228057,-4.49371395209851,4
"1871",-6.48050531919727,-3.54348809838948,4
"1872",-3.58315761598145,-3.19332855453179,4
"1873",-4.8076944069027,-3.84054500906687,4
"1874",-7.16314151231383,-7.58110603593311,4
"1875",-3.5048363234034,-5.34823643847327,4
"1876",-5.85571881625736,-4.25411186799405,4
"1877",-8.21984178277928,-5.33160020179542,4
"1878",-3.66491648990419,-4.95734720292603,4
"1879",-3.03555212618414,-7.65961539684489,4
"1880",-4.56171264851165,-5.79636924388601,4
"1881",-7.74303491963904,-1.94373108073674,4
"1882",-7.40401021553013,-8.46093537809935,4
"1883",-7.035510598438,-4.68424194166962,4
"1884",-6.54672594508285,-6.39657521196296,4
"1885",-6.61428438107433,-3.05561838333198,4
"1886",-5.0386228764869,-7.3530627031759,4
"1887",-4.49055236471158,-3.31449049515825,4
"1888",-7.75076665686473,-2.47946868307602,4
"1889",-3.95069876333899,-4.17501299242961,4
"1890",-7.58503797954172,-3.30539648932019,4
"1891",-6.52759576757144,-1.42473196870178,4
"1892",-4.60682108424049,-1.25894283220407,4
"1893",-6.94246849623737,-4.99713652074134,4
"1894",-7.79334152636603,-5.84234915011558,4
"1895",-6.61432611810731,-8.22300620182284,4
"1896",-4.87302001705742,-7.99007261000644,4
"1897",-5.6930500963309,-4.93559979036297,4
"1898",-3.43440669381117,-6.09849688827384,4
"1899",-5.69552993388942,-2.47015636109582,4
"1900",-8.66654630451957,-5.36894763666417,4
"1901",-7.29817251954805,-5.96397995898539,4
"1902",-8.29201207264709,-2.32841843387972,4
"1903",-4.40318847453184,-6.5991282348197,4
"1904",-4.43539326559232,-5.4417747385263,4
"1905",-6.94728808613152,-3.46581111199193,4
"1906",-6.53795198598524,-6.26792476313968,4
"1907",-8.8235377275281,-5.55451529243218,4
"1908",-8.09178465203095,-2.91676494345127,4
"1909",-7.42986048059094,-8.55835022468936,4
"1910",-8.69310715673341,-7.49948496084138,4
"1911",-2.91078609927046,-4.80733809935688,4
"1912",-7.84671776405545,-2.03340604520718,4
"1913",-8.01275297922912,-5.63278856761856,4
"1914",-3.83066416736216,-6.04095223635062,4
"1915",-8.21055893717961,-5.86666239642084,4
"1916",-7.48923887170077,-1.98045194355405,4
"1917",-5.39161994824202,-1.30618134512012,4
"1918",-6.7297730376758,-2.57564289395406,4
"1919",-4.91820305168018,-1.37285995259893,4
"1920",-8.38663619159202,-2.79326324271877,4
"1921",-4.82148718337535,-8.33893902486481,4
"1922",-6.81157466736021,-8.86816092446945,4
"1923",-5.80156971116445,-2.31458135858824,4
"1924",-4.42935789822556,-1.653086259976,4
"1925",-6.90020177360781,-4.11773967510377,4
"1926",-6.12447650778756,-2.271517363328,4
"1927",-3.61555013290639,-6.19505927961357,4
"1928",-4.66007432462363,-4.73506163956823,4
"1929",-4.55660148310875,-2.58517926658796,4
"1930",-9.07919872160395,-3.57728273571517,4
"1931",-8.92411281763582,-7.03469778616894,4
"1932",-8.39888556969547,-3.6076729103248,4
"1933",-5.46539570596302,-3.7983884907029,4
"1934",-9.29764797337379,-3.33617634671519,4
"1935",-5.18176185893123,-6.95239930377535,4
"1936",-5.49412919126597,-2.46039058125314,4
"1937",-4.994797706862,-3.83394577635471,4
"1938",-9.53597208606549,-6.22842325316737,4
"1939",-3.34598156589961,-7.30144351206583,4
"1940",-2.40524703433677,-4.68043698193651,4
"1941",-2.79995609646346,-4.38721927948878,4
"1942",-4.2784283547463,-2.94670642098703,4
"1943",-7.15206707408275,-1.52111006384326,4
"1944",-8.27933411925311,-5.14243153778721,4
"1945",-7.68625590301453,-5.94419826070143,4
"1946",-7.26770314070473,-2.47499820025059,4
"1947",-4.69884864345308,-1.37375214723556,4
"1948",-3.65736096606269,-5.63173736177096,4
"1949",-9.54625710207368,-4.9631874540867,4
"1950",-6.72745495590342,-1.69195364072977,4
"1951",-5.03950155387979,-2.17998289541494,4
"1952",-9.63468376017427,-5.75110870077308,4
"1953",-3.85342601128437,-5.11414178539186,4
"1954",-5.99568417347071,-7.22547157630041,4
"1955",-4.29231981858268,-3.09125127464644,4
"1956",-4.78181323396731,-6.02640398366362,4
"1957",-5.94421685442885,-7.58631429126768,4
"1958",-5.70255085574359,-8.42457745212988,4
"1959",-3.7430306689161,-3.72868265379059,4
"1960",-6.96619762525041,-3.94201136728681,4
"1961",-9.11022775910858,-6.4334003263386,4
"1962",-8.70000231854057,-6.30496063453102,4
"1963",-7.57830807451584,-5.01976661673104,4
"1964",-4.05306137305373,-8.02660329044274,4
"1965",-4.87116774975969,-1.85486236202213,4
"1966",-3.70354262968452,-7.01741156118026,4
"1967",-2.67889522494631,-6.39046633537308,4
"1968",-5.73479492004402,-4.54101628223219,4
"1969",-4.6151975271191,-4.84844615494725,4
"1970",-7.87087011903633,-4.99156008264621,4
"1971",-7.75701721758153,-2.43451801554634,4
"1972",-5.28486515421884,-1.33936993526704,4
"1973",-3.24056249690467,-7.26696963089204,4
"1974",-4.99292631790451,-3.63291837079625,4
"1975",-6.10338785593595,-1.79065322066944,4
"1976",-3.00232854918358,-2.97604824284852,4
"1977",-8.94033640234719,-3.70952617627309,4
"1978",-6.91213553907931,-8.72437640315655,4
"1979",-3.44701591396706,-8.00789051837798,4
"1980",-7.01078837641655,-4.89033812604519,4
"1981",-5.72625081453215,-8.51727579318182,4
"1982",-7.06592134100885,-2.42595074979952,4
"1983",-5.2664488259843,-7.6113163093736,4
"1984",-6.55136559233416,-6.21048642494709,4
"1985",-5.38762991816286,-4.86937153696199,4
"1986",-4.28181946155864,-1.6256089832251,4
"1987",-8.55550809494036,-4.19014714819231,4
"1988",-6.70461978646485,-3.90832571947531,4
"1989",-7.09182857909755,-7.40731462335222,4
"1990",-7.61969557375824,-6.1497020442343,4
"1991",-8.75487698998653,-7.73058478215392,4
"1992",-9.15954139717,-5.04159669557484,4
"1993",-5.62209331604498,-6.99403359490798,4
"1994",-2.80939624525521,-4.04674664058051,4
"1995",-8.10594518854747,-7.58486178029801,4
"1996",-9.87171206367832,-5.59603574262959,4
"1997",-3.73261855922319,-4.87127314887098,4
"1998",-9.97832077463086,-5.24310613904192,4
"1999",-5.45957725449555,-8.61215688583885,4
"2000",-4.2452017184717,-5.28535704608059,4
